id,strava_activity_id,activity_name,distance,elapsed_time,moving_time,date,elevation_gain,average_heartrate,max_heartrate,final_time,final_distance,event_name,is_hidden,has_polyline,polyline_length,source,is_parkrun,year,month,day_of_week,hour,day_name,pace_min_per_km,distance_km,time_minutes
4315,16099806872,Reddall Reserve Park Run,5037.5,1183,1183,2025-10-11 08:01:59+00:00,5.0,164.9,175.0,1183,5037.5,parkrun,1,1,432.0,oauth,True,2025,10,5,8,Saturday,3.913978494623656,5.0375,19.716666666666665
748,16099530191,Singleton parkrun,4963.9,2024,2018,2025-10-11 08:01:02+00:00,19.0,120.7,139.0,2018,4963.9,parkrun,1,1,433.0,oauth,True,2025,10,5,8,Saturday,6.775586400478119,4.9639,33.63333333333333
4316,15948393670,The 500th Cooks River Park Run Anniversary,5019.7,1207,1174,2025-09-27 08:06:44+00:00,25.0,171.3,183.0,1174,5019.7,parkrun,1,1,421.0,oauth,True,2025,9,5,8,Saturday,3.897975310609532,5.019699999999999,19.566666666666666
750,15947123155,Cookies 500!,5005.0,1297,1297,2025-09-27 08:06:42+00:00,28.0,163.6,177.0,1297,5005.0,parkrun,1,1,486.0,oauth,True,2025,9,5,8,Saturday,4.319014319014319,5.005,21.616666666666667
751,15790615343,Casula parkrun,5021.5,1289,1285,2025-09-13 08:04:56+00:00,28.0,166.0,186.0,1285,5021.5,parkrun,1,1,487.0,oauth,True,2025,9,5,8,Saturday,4.264993859736467,5.0215,21.416666666666668
754,15235653101,Woodies Centennial parky TT,5024.3,1308,1308,2025-07-26 07:01:05+00:00,17.0,162.1,173.0,1308,5024.3,parkrun,1,1,413.0,oauth,True,2025,7,5,7,Saturday,4.33891288338674,5.0243,21.8
756,15159429643,Chipping Norton parky,5004.8,1274,1270,2025-07-19 08:03:15+00:00,21.0,159.7,180.0,1270,5004.8,parkrun,1,1,517.0,oauth,True,2025,7,5,8,Saturday,4.229273231031543,5.0048,21.166666666666668
758,15083451828,Queanbeyan parky,5000.1,1359,1356,2025-07-12 08:05:31+00:00,96.0,160.4,172.0,1356,5000.1,parkrun,1,1,492.0,oauth,True,2025,7,5,8,Saturday,4.519909601807964,5.000100000000001,22.6
764,14718032463,Panania parky,5004.4,1269,1266,2025-06-07 08:09:00+00:00,18.0,163.6,189.0,1266,5004.4,parkrun,1,1,485.0,oauth,True,2025,6,5,8,Saturday,4.216289665094718,5.0043999999999995,21.1
2238,14717990118,official sub20 parkrun achieved!,4987.7,1183,1183,2025-06-07 08:02:31+00:00,3.0,160.2,173.0,1183,4987.7,parkrun,1,1,566.0,oauth,True,2025,6,5,8,Saturday,3.953057855658252,4.9877,19.716666666666665
766,14646059332,MQ parky - woodies TT2,4779.2,1270,1261,2025-05-31 08:08:00+00:00,56.0,165.8,184.0,1261,4779.2,parkrun,1,1,569.0,oauth,True,2025,5,5,8,Saturday,4.397528177658744,4.7791999999999994,21.016666666666666
768,14285748662,Coombies,5006.3,1326,1326,2025-04-26 08:02:23+00:00,38.0,161.8,172.0,1326,5006.3,parkrun,1,1,458.0,oauth,True,2025,4,5,8,Saturday,4.414437808361464,5.0063,22.1
775,14014819331,Greenway Woodies TT,5000.0,1280,1280,2025-03-29 08:02:10+00:00,9.0,159.6,171.0,1280,5000.0,parkrun,1,1,500.0,oauth,True,2025,3,5,8,Saturday,4.266666666666667,5.0,21.333333333333332
777,13949121443,Cookies,4966.3,1301,1296,2025-03-22 08:01:05+00:00,25.0,163.3,171.0,1296,4966.3,parkrun,1,1,456.0,oauth,True,2025,3,5,8,Saturday,4.3493143789138795,4.9663,21.6
779,13567535924,Pyrmont,5060.4,1659,1647,2025-02-08 08:01:34+00:00,10.0,136.0,148.0,1647,5060.4,parkrun,1,1,523.0,oauth,True,2025,2,5,8,Saturday,5.424472373725398,5.0604,27.45
781,13504550619,Cookies 10th birthday!,4994.1,1309,1309,2025-02-01 08:05:50+00:00,27.0,164.6,173.0,1309,4994.1,parkrun,1,1,478.0,oauth,True,2025,2,5,8,Saturday,4.368488149349566,4.9941,21.816666666666666
783,13061375595,Cookies soup run,5033.1,1331,1331,2024-12-07 08:03:29+00:00,30.0,164.2,175.0,1331,5033.1,parkrun,1,1,491.0,oauth,True,2024,12,5,8,Saturday,4.407489088898161,5.0331,22.183333333333334
785,12855012547,Greenway parky 25min pacer,5041.6,1510,1506,2024-11-09 08:01:58+00:00,5.0,151.0,163.0,1506,5041.6,parkrun,1,1,519.0,oauth,True,2024,11,5,8,Saturday,4.978578229133608,5.041600000000001,25.1
789,12688191184,Cookies,5034.0,1311,1311,2024-10-19 08:02:20+00:00,27.0,164.0,172.0,1311,5034.0,parkrun,1,1,488.0,oauth,True,2024,10,5,8,Saturday,4.340484704012714,5.034,21.85
793,12518932599,Woodies time trial 4,5021.6,1281,1281,2024-09-28 08:00:48+00:00,26.0,165.2,176.0,1281,5021.6,parkrun,1,1,470.0,oauth,True,2024,9,5,8,Saturday,4.251632945674685,5.0216,21.35
4318,12519529212,Cooks River Park Run,4962.6,1135,1135,2024-09-28 08:00:47+00:00,25.0,172.1,182.0,1135,4962.6,parkrun,1,1,397.0,oauth,True,2024,9,5,8,Saturday,3.8118459409718026,4.9626,18.916666666666668
803,12284533954,ğŸªğŸªğŸª,5003.2,1283,1283,2024-08-31 08:03:24+00:00,30.0,163.1,172.0,1283,5003.2,parkrun,1,1,478.0,oauth,True,2024,8,5,8,Saturday,4.273931350602282,5.0032,21.383333333333333
806,12047239963,Panania parky,5003.4,1267,1267,2024-08-03 08:02:28+00:00,18.0,163.8,177.0,1267,5003.4,parkrun,1,1,444.0,oauth,True,2024,8,5,8,Saturday,4.2204634182089515,5.0034,21.116666666666667
4321,12047094865,Panania Park Run,4993.0,1138,1138,2024-08-03 08:02:28+00:00,6.0,169.0,187.0,1138,4993.0,parkrun,1,1,486.0,oauth,True,2024,8,5,8,Saturday,3.7986514453568323,4.993,18.966666666666665
4322,11989299934,Park Run,4994.4,1163,1163,2024-07-27 08:02:37+00:00,71.0,166.7,180.0,1163,4994.4,parkrun,1,1,532.0,oauth,True,2024,7,5,8,Saturday,3.8810134016765443,4.9944,19.383333333333333
808,11989147384,Wet cookies,5028.2,1286,1283,2024-07-27 08:00:57+00:00,33.0,159.7,173.0,1283,5028.2,parkrun,1,1,518.0,oauth,True,2024,7,5,8,Saturday,4.252681542765469,5.0282,21.383333333333333
810,11873090012,Point Hut Pond parkrun,4960.5,1298,1293,2024-07-13 08:01:03+00:00,39.0,158.0,169.0,1293,4960.5,parkrun,1,1,454.0,oauth,True,2024,7,5,8,Saturday,4.344320129019253,4.9605,21.55
814,11707650656,Wet cookies,5001.8,1298,1292,2024-06-22 08:01:47+00:00,33.0,160.7,174.0,1292,5001.8,parkrun,1,1,522.0,oauth,True,2024,6,5,8,Saturday,4.305116824609807,5.0018,21.533333333333335
4323,11543440778,Dolls Point Park Run,4955.5,1150,1150,2024-06-01 08:03:26+00:00,3.0,167.7,181.0,1150,4955.5,parkrun,1,1,358.0,oauth,True,2024,6,5,8,Saturday,3.8677563649816706,4.9555,19.166666666666668
816,11543312085,Dollyâ€™s parky,4981.1,1260,1260,2024-06-01 08:03:23+00:00,8.0,166.6,177.0,1260,4981.1,parkrun,1,1,326.0,oauth,True,2024,6,5,8,Saturday,4.215936238983357,4.9811000000000005,21.0
819,11271153084,Coombs parky,4992.2,1283,1283,2024-04-27 08:00:13+00:00,37.0,163.8,182.0,1283,4992.2,parkrun,1,1,464.0,oauth,True,2024,4,5,8,Saturday,4.283348690624041,4.9921999999999995,21.383333333333333
821,11114585133,Greenie,5020.5,1262,1262,2024-04-06 08:00:27+00:00,6.0,166.2,177.0,1262,5020.5,parkrun,1,1,500.0,oauth,True,2024,4,5,8,Saturday,4.189489758656176,5.0205,21.033333333333335
822,11064748303,Cookies,5000.6,1286,1283,2024-03-30 07:59:35+00:00,32.0,162.0,173.0,1283,5000.6,parkrun,1,1,476.0,oauth,True,2024,3,5,7,Saturday,4.276153528243277,5.0006,21.383333333333333
823,11017179428,Cookies,5026.1,1284,1284,2024-03-23 08:04:50+00:00,28.0,161.1,170.0,1284,5026.1,parkrun,1,1,475.0,oauth,True,2024,3,5,8,Saturday,4.257774417540438,5.0261000000000005,21.4
2516,10729696211,Bairnsdale park run,5015.2,1305,1283,2024-02-10 08:02:31+00:00,29.0,170.5,191.0,1283,5015.2,parkrun,1,1,443.0,oauth,True,2024,2,5,8,Saturday,4.26370500345616,5.0152,21.383333333333333
824,10635512729,Parky cooky,5028.0,1327,1327,2024-01-27 08:03:06+00:00,24.0,160.6,172.0,1327,5028.0,parkrun,1,1,501.0,oauth,True,2024,1,5,8,Saturday,4.398700609917794,5.028,22.116666666666667
834,10590488430,Tuggers parky,4912.2,1252,1252,2024-01-20 08:00:21+00:00,15.0,162.8,176.0,1252,4912.2,parkrun,1,1,519.0,oauth,True,2024,1,5,8,Saturday,4.24792693022814,4.9121999999999995,20.866666666666667
2517,10590721365,Fingal bay park run,5012.4,1299,1278,2024-01-20 08:00:18+00:00,25.0,175.9,194.0,1278,5012.4,parkrun,1,1,482.0,oauth,True,2024,1,5,8,Saturday,4.249461335887001,5.0123999999999995,21.3
835,10501226820,Devonport parky,4976.5,1235,1231,2024-01-06 08:02:01+00:00,5.0,162.5,176.0,1231,4976.5,parkrun,1,1,519.0,oauth,True,2024,1,5,8,Saturday,4.122710070665461,4.9765,20.516666666666666
836,10458687835,Cookies,5023.9,1306,1306,2023-12-30 08:04:37+00:00,25.0,163.0,173.0,1306,5023.9,parkrun,1,1,488.0,oauth,True,2023,12,5,8,Saturday,4.332623393512344,5.023899999999999,21.766666666666666
658,10458510945,Queanbeyan parkrun - 24:17,4984.7,1458,1458,2023-12-30 08:01:36+00:00,95.0,153.8,171.0,1458,4984.7,parkrun,1,1,512.0,oauth,True,2023,12,5,8,Saturday,4.874917246775132,4.9847,24.3
659,10432154859,Cooks River parkrun - 26:21,5019.7,1580,1580,2023-12-25 08:00:47+00:00,27.0,141.5,157.0,1580,5019.7,parkrun,1,1,483.0,oauth,True,2023,12,0,8,Monday,5.24599743676581,5.019699999999999,26.333333333333332
837,10432181410,Cookies Christmas parky,5030.0,1294,1294,2023-12-25 08:00:47+00:00,25.0,161.8,179.0,1294,5030.0,parkrun,1,1,505.0,oauth,True,2023,12,0,8,Monday,4.287607687210072,5.03,21.566666666666666
838,10421524315,Tuggers parky,4935.1,1260,1260,2023-12-23 07:59:07+00:00,12.0,161.7,174.0,1260,4935.1,parkrun,1,1,512.0,oauth,True,2023,12,5,7,Saturday,4.255232923345018,4.9351,21.0
661,10349852052,Southern Highlands Botanical Gardens parkrun - 24:01,5023.0,1441,1441,2023-12-09 07:59:04+00:00,64.0,155.3,167.0,1441,5023.0,parkrun,1,1,518.0,oauth,True,2023,12,5,7,Saturday,4.781339173136904,5.023,24.016666666666666
662,10275644817,Galston parkrun - 25:39,4913.0,1539,1539,2023-11-25 08:01:35+00:00,89.0,144.4,166.0,1539,4913.0,parkrun,1,1,618.0,oauth,True,2023,11,5,8,Saturday,5.220842662324444,4.913,25.65
663,10195817143,North Sydney parkrun - 25:40,4882.7,1540,1540,2023-11-11 08:02:32+00:00,35.0,147.2,168.0,1540,4882.7,parkrun,1,1,500.0,oauth,True,2023,11,5,8,Saturday,5.256654446651785,4.8827,25.666666666666668
664,10155162567,Umbagong District parkrun - 24:14,5033.0,1453,1453,2023-11-04 08:01:32+00:00,47.0,147.4,172.0,1453,5033.0,parkrun,1,1,507.0,oauth,True,2023,11,5,8,Saturday,4.8115769256242125,5.033,24.216666666666665
841,10116124852,Karen 250 cookies parky,4977.6,1312,1312,2023-10-28 08:00:16+00:00,17.7,178.2,220.0,1312,4977.6,parkrun,1,1,465.0,oauth,True,2023,10,5,8,Saturday,4.393014036215579,4.977600000000001,21.866666666666667
2520,10074377893,Fingal bay park run,4925.5,1246,1246,2023-10-21 08:04:38+00:00,29.0,184.6,205.0,1246,4925.5,parkrun,1,1,431.0,oauth,True,2023,10,5,8,Saturday,4.2161540283558345,4.9255,20.766666666666666
665,10074332179,Nambour parkrun - 32:14,4926.0,1932,1932,2023-10-21 07:07:34+00:00,178.0,152.9,169.0,1932,4926.0,parkrun,1,1,537.0,oauth,True,2023,10,5,7,Saturday,6.536743808363784,4.926,32.2
667,10033129554,Westerfolds parkrun - 25:59,5008.9,1559,1559,2023-10-14 08:01:07+00:00,75.0,142.2,161.0,1559,5008.9,parkrun,1,1,593.0,oauth,True,2023,10,5,8,Saturday,5.187433035862831,5.0089,25.983333333333334
668,9989738485,Zillmere parkrun - 24:54,4984.7,1495,1495,2023-10-07 07:00:07+00:00,29.0,150.4,166.0,1495,4984.7,parkrun,1,1,394.0,oauth,True,2023,10,5,7,Saturday,4.998629138497135,4.9847,24.916666666666668
669,9945783726,Wentworth Common parkrun - 23:20,5031.4,1405,1405,2023-09-30 08:03:31+00:00,27.0,154.6,168.0,1405,5031.4,parkrun,1,1,588.0,oauth,True,2023,9,5,8,Saturday,4.654105550476342,5.0314,23.416666666666668
671,9764685356,Cooks River parkrun - 23:06,5011.4,1387,1387,2023-09-02 08:02:53+00:00,29.0,150.8,169.0,1387,5011.4,parkrun,1,1,507.0,oauth,True,2023,9,5,8,Saturday,4.612816112596613,5.0114,23.116666666666667
844,9764599074,Cookies,4993.0,1273,1273,2023-09-02 08:02:53+00:00,17.8,166.1,178.0,1273,4993.0,parkrun,1,1,446.0,oauth,True,2023,9,5,8,Saturday,4.249282328593363,4.993,21.216666666666665
673,9675111978,Avondale University College parkrun - 26:11,5005.9,1576,1576,2023-08-19 08:04:08+00:00,14.0,142.9,162.0,1576,5005.9,parkrun,1,1,508.0,oauth,True,2023,8,5,8,Saturday,5.247141706120112,5.0059,26.266666666666666
845,9675020842,Coombs parky,5022.9,1287,1287,2023-08-19 08:00:57+00:00,35.3,164.9,181.0,1287,5022.9,parkrun,1,1,485.0,oauth,True,2023,8,5,8,Saturday,4.270441378486532,5.0229,21.45
675,9629114559,East Richmond parkrun - 25:08,5038.1,1508,1508,2023-08-12 08:00:23+00:00,12.0,146.8,165.0,1508,5038.1,parkrun,1,1,456.0,oauth,True,2023,8,5,8,Saturday,4.9886531298174575,5.0381,25.133333333333333
676,9583973489,Kirkdale Reserve parkrun - 24:06,5016.4,1446,1446,2023-08-05 08:05:09+00:00,31.0,150.6,167.0,1446,5016.4,parkrun,1,1,559.0,oauth,True,2023,8,5,8,Saturday,4.804242085958058,5.0164,24.1
677,9540023263,Cooks River parkrun - 21:54,4969.9,1314,1314,2023-07-29 08:02:22+00:00,23.0,152.4,169.0,1314,4969.9,parkrun,1,1,501.0,oauth,True,2023,7,5,8,Saturday,4.406527294311757,4.9699,21.9
678,9496367662,The Ponds parkrun - 24:38,5010.9,1489,1489,2023-07-22 08:02:48+00:00,28.0,143.5,163.0,1489,5010.9,parkrun,1,1,469.0,oauth,True,2023,7,5,8,Saturday,4.9525368031025705,5.0108999999999995,24.816666666666666
679,9408209008,Wildflower parkrun - 26:06,4776.4,1566,1562,2023-07-08 08:03:00+00:00,133.0,147.6,172.0,1562,4776.4,parkrun,1,1,605.0,oauth,True,2023,7,5,8,Saturday,5.450408955140553,4.7764,26.033333333333335
848,9364751629,Panania parky,4924.0,1243,1238,2023-07-01 08:03:24+00:00,0.0,131.9,144.0,1238,4924.0,parkrun,1,1,426.0,oauth,True,2023,7,5,8,Saturday,4.1903601408069315,4.924,20.633333333333333
680,9364778726,Mt Penang parkrun - 23:53,4939.9,1433,1433,2023-07-01 08:00:42+00:00,35.0,151.3,169.0,1433,4939.9,parkrun,1,1,620.0,oauth,True,2023,7,5,8,Saturday,4.834780731053935,4.9399,23.883333333333333
2524,9322099097,ğŸš¾ PARKRUN,5019.2,1217,1217,2023-06-24 08:04:39+00:00,24.0,172.0,188.0,1217,5019.2,parkrun,1,1,578.0,oauth,True,2023,6,5,8,Saturday,4.0411486558282865,5.0192,20.283333333333335
850,9322479777,Wenty parkrun,5024.6,1254,1254,2023-06-24 08:04:38+00:00,18.8,152.4,177.0,1254,5024.6,parkrun,1,1,551.0,oauth,True,2023,6,5,8,Saturday,4.159535087370139,5.0246,20.9
852,9278902366,Cookies,4974.6,1273,1268,2023-06-17 08:03:25+00:00,17.0,162.1,181.0,1268,4974.6,parkrun,1,1,457.0,oauth,True,2023,6,5,8,Saturday,4.2482477653144635,4.974600000000001,21.133333333333333
681,9235532404,Cooks River parkrun - 24:45,5031.7,1483,1483,2023-06-10 08:02:29+00:00,32.0,149.6,170.0,1483,5031.7,parkrun,1,1,512.0,oauth,True,2023,6,5,8,Saturday,4.912190048426311,5.0317,24.716666666666665
856,9190640764,Dolls Point parkrun,4975.8,1240,1236,2023-06-03 08:01:50+00:00,4.8,167.0,177.0,1236,4975.8,parkrun,1,1,343.0,oauth,True,2023,6,5,8,Saturday,4.140037782869086,4.9758000000000004,20.6
682,9190703177,Cooks River parkrun - 24:27,5011.6,1468,1468,2023-06-03 08:01:17+00:00,23.0,148.4,168.0,1468,5011.6,parkrun,1,1,528.0,oauth,True,2023,6,5,8,Saturday,4.88200707691489,5.0116000000000005,24.466666666666665
683,9146549154,St Peters parkrun - 23:23,4983.8,1403,1403,2023-05-27 08:03:55+00:00,57.0,147.8,163.0,1403,4983.8,parkrun,1,1,546.0,oauth,True,2023,5,5,8,Saturday,4.691868320023542,4.9838000000000005,23.383333333333333
858,9146787464,Sydney Park parkrun,4949.7,1285,1285,2023-05-27 08:03:55+00:00,52.3,166.6,197.0,1285,4949.7,parkrun,1,1,535.0,oauth,True,2023,5,5,8,Saturday,4.326861560633304,4.9497,21.416666666666668
684,9102740008,Greenway parkrun - 25:28,5044.9,1526,1526,2023-05-20 08:02:00+00:00,12.0,148.5,167.0,1526,5044.9,parkrun,1,1,516.0,oauth,True,2023,5,5,8,Saturday,5.041394940104529,5.044899999999999,25.433333333333334
685,9060045716,Cooks River parkrun - 25:03,4980.3,1503,1503,2023-05-13 08:02:39+00:00,25.0,145.9,166.0,1503,4980.3,parkrun,1,1,514.0,oauth,True,2023,5,5,8,Saturday,5.029817480874645,4.980300000000001,25.05
877,9060138292,Cookies parky,4957.9,1276,1272,2023-05-13 08:02:38+00:00,17.1,149.2,161.0,1272,4957.9,parkrun,1,1,451.0,oauth,True,2023,5,5,8,Saturday,4.276003953286674,4.9578999999999995,21.2
687,9017644033,Jindabyne Sports & Recreation parkrun,5046.0,1649,1649,2023-05-06 08:04:04+00:00,91.0,153.6,165.0,1649,5046.0,parkrun,1,1,613.0,oauth,True,2023,5,5,8,Saturday,5.446558330030387,5.046,27.483333333333334
688,8974349004,St Peters parkrun - 26:50,4971.9,1610,1610,2023-04-29 08:03:37+00:00,56.0,148.1,166.0,1610,4971.9,parkrun,1,1,545.0,oauth,True,2023,4,5,8,Saturday,5.396997794270467,4.9719,26.833333333333332
879,8974358063,Cookies ,4966.7,1292,1289,2023-04-29 08:03:32+00:00,17.1,167.0,182.0,1289,4966.7,parkrun,1,1,452.0,oauth,True,2023,4,5,8,Saturday,4.325474325675668,4.9666999999999994,21.483333333333334
880,8850461204,Coombs parkrun,5000.4,1323,1319,2023-04-08 08:01:23+00:00,34.8,164.4,180.0,1319,5000.4,parkrun,1,1,479.0,oauth,True,2023,4,5,8,Saturday,4.396314961469749,5.0004,21.983333333333334
2527,8809972262,Panania park run ,4995.7,1206,1206,2023-04-01 08:05:15+00:00,14.0,168.7,181.0,1206,4995.7,parkrun,1,1,447.0,oauth,True,2023,4,5,8,Saturday,4.023460175751146,4.9957,20.1
691,8771226782,Greenway parkrun - 21:34,4992.7,1293,1293,2023-03-25 08:01:33+00:00,17.0,160.8,170.0,1293,4992.7,parkrun,1,1,513.0,oauth,True,2023,3,5,8,Saturday,4.316301800628918,4.9927,21.55
2528,8771452938,Park run ,4963.9,1235,1232,2023-03-25 08:01:33+00:00,9.0,162.8,175.0,1232,4963.9,parkrun,1,1,499.0,oauth,True,2023,3,5,8,Saturday,4.136532430817167,4.9639,20.533333333333335
4324,8771155189,Greenway Park Run ,4997.8,1047,1044,2023-03-25 08:01:32+00:00,6.0,172.3,183.0,1044,4997.8,parkrun,1,1,501.0,oauth,True,2023,3,5,8,Saturday,3.481531874024571,4.9978,17.4
692,8654941942,Greenway parkrun - 27:31,5013.5,1650,1650,2023-03-04 08:00:08+00:00,13.0,137.9,153.0,1650,5013.5,parkrun,1,1,540.0,oauth,True,2023,3,5,8,Saturday,5.485189987035006,5.0135,27.5
882,8654745946,Happy 100 Chrissy greenway,5003.6,1248,1248,2023-03-04 08:00:06+00:00,0.0,164.8,175.0,1248,5003.6,parkrun,1,1,550.0,oauth,True,2023,3,5,8,Saturday,4.157006954992405,5.0036000000000005,20.8
693,8616585085,Cooks River parkrun - 24:33,4952.7,1474,1474,2023-02-25 08:02:04+00:00,27.0,145.0,168.0,1474,4952.7,parkrun,1,1,468.0,oauth,True,2023,2,5,8,Saturday,4.960257368034943,4.9527,24.566666666666666
695,8539241639,New Farm parkrun,4957.5,1479,1479,2023-02-11 07:00:47+00:00,14.0,153.6,172.0,1479,4957.5,parkrun,1,1,466.0,oauth,True,2023,2,5,7,Saturday,4.97226424609178,4.9575,24.65
883,8500132027,Cookies 8th birthday,5000.6,1280,1280,2023-02-04 08:00:32+00:00,17.2,159.4,173.0,1280,5000.6,parkrun,1,1,451.0,oauth,True,2023,2,5,8,Saturday,4.266154728099294,5.0006,21.333333333333332
884,8424458458,Greenie,5002.7,1241,1237,2023-01-21 08:01:11+00:00,0.0,163.6,174.0,1237,5002.7,parkrun,1,1,505.0,oauth,True,2023,1,5,8,Saturday,4.121107935048407,5.0027,20.616666666666667
697,8387312313,Cooks River parkrun - 23:32,5012.9,1411,1411,2023-01-14 08:04:40+00:00,32.0,151.4,168.0,1411,5012.9,parkrun,1,1,506.0,oauth,True,2023,1,5,8,Saturday,4.6912299600364396,5.012899999999999,23.516666666666666
885,8387128422,Cookies,4985.7,1272,1272,2023-01-14 08:04:38+00:00,17.1,162.0,175.0,1272,4985.7,parkrun,1,1,466.0,oauth,True,2023,1,5,8,Saturday,4.2521611809775965,4.9857,21.2
886,8349307180,Bega parkrun,4963.1,1231,1231,2023-01-07 08:02:46+00:00,9.4,163.3,175.0,1231,4963.1,parkrun,1,1,460.0,oauth,True,2023,1,5,8,Saturday,4.1338410805074775,4.963100000000001,20.516666666666666
887,8313279863,Batemans Bay parkrun,4975.0,1258,1253,2022-12-31 08:00:16+00:00,9.8,151.0,169.0,1253,4975.0,parkrun,1,1,398.0,oauth,True,2022,12,5,8,Saturday,4.197654941373535,4.975,20.883333333333333
698,8313458787,Mudgeeraba parkrun - 23:12,5004.3,1390,1390,2022-12-31 07:02:21+00:00,11.0,162.4,179.0,1390,5004.3,parkrun,1,1,525.0,oauth,True,2022,12,5,7,Saturday,4.629352090535473,5.0043,23.166666666666668
889,8283456068,Cookies Christmas Eve ,4971.9,1295,1295,2022-12-24 08:03:22+00:00,16.8,163.2,176.0,1295,4971.9,parkrun,1,1,474.0,oauth,True,2022,12,5,8,Saturday,4.341063443217549,4.9719,21.583333333333332
890,8228938594,Defiant cookies parkrun,4993.9,1276,1276,2022-12-10 08:02:34+00:00,16.7,163.2,181.0,1276,4993.9,parkrun,1,1,446.0,oauth,True,2022,12,5,8,Saturday,4.258528738394174,4.9939,21.266666666666666
699,8199333135,Wentworth Common parkrun - 23:05,5015.4,1442,1435,2022-12-03 08:04:13+00:00,21.0,158.7,178.0,1435,5015.4,parkrun,1,1,583.0,oauth,True,2022,12,5,8,Saturday,4.768645903949171,5.0154,23.916666666666668
700,8168039649,Cooks River parkrun - 25:08,5031.9,1509,1509,2022-11-26 08:02:04+00:00,33.0,153.5,171.0,1509,5031.9,parkrun,1,1,527.0,oauth,True,2022,11,5,8,Saturday,4.998112045151931,5.031899999999999,25.15
702,8103665058,Cooks River parkrun - 27:34,5027.6,1654,1654,2022-11-12 08:01:10+00:00,32.0,144.3,151.0,1654,5027.6,parkrun,1,1,498.0,oauth,True,2022,11,5,8,Saturday,5.483066804572095,5.0276000000000005,27.566666666666666
892,8103546106,Cookies ,4970.7,1299,1295,2022-11-12 08:01:09+00:00,16.7,165.8,176.0,1295,4970.7,parkrun,1,1,449.0,oauth,True,2022,11,5,8,Saturday,4.342111439703328,4.9707,21.583333333333332
703,8068810432,Panania parkrun - 23:51,5011.8,1462,1435,2022-11-05 08:01:51+00:00,14.0,152.5,166.0,1435,5011.8,parkrun,1,1,449.0,oauth,True,2022,11,5,8,Saturday,4.772071245194674,5.0118,23.916666666666668
893,8033834552,Cookies,4937.8,1276,1276,2022-10-29 08:05:25+00:00,16.8,164.7,175.0,1276,4937.8,parkrun,1,1,467.0,oauth,True,2022,10,5,8,Saturday,4.306911310030108,4.9378,21.266666666666666
704,8033929586,Wentworth Common parkrun - 24:42,5011.4,1502,1494,2022-10-29 08:03:37+00:00,26.0,145.3,163.0,1494,5011.4,parkrun,1,1,573.0,oauth,True,2022,10,5,8,Saturday,4.968671429141557,5.0114,24.9
705,7998708971,Rhodes parkrun - 23:51,5034.2,1430,1430,2022-10-22 08:01:16+00:00,13.0,160.3,172.0,1430,5034.2,parkrun,1,1,440.0,oauth,True,2022,10,5,8,Saturday,4.734284162991802,5.0342,23.833333333333332
706,7963609722,Greenway parkrun - 27:34,5024.6,1655,1652,2022-10-15 08:01:51+00:00,36.0,145.0,155.0,1652,5024.6,parkrun,1,1,521.0,oauth,True,2022,10,5,8,Saturday,5.479706510634346,5.0246,27.533333333333335
894,7963368834,Orange parkrun,4996.5,1299,1299,2022-10-15 08:01:06+00:00,21.7,164.6,176.0,1299,4996.5,parkrun,1,1,535.0,oauth,True,2022,10,5,8,Saturday,4.33303312318623,4.9965,21.65
708,7927382869,Cooks River parkrun - 31:08,5014.0,1866,1866,2022-10-08 08:00:39+00:00,30.0,132.7,145.0,1866,5014.0,parkrun,1,1,529.0,oauth,True,2022,10,5,8,Saturday,6.202632628639808,5.014,31.1
709,7891417774,Sandgate parkrun - 22:59,4998.3,1378,1378,2022-10-01 07:00:20+00:00,21.0,159.0,169.0,1378,4998.3,parkrun,1,1,383.0,oauth,True,2022,10,5,7,Saturday,4.594895597836597,4.9983,22.966666666666665
711,7819449355,Cooks River parkrun - 28:58,5044.3,1738,1738,2022-09-17 08:01:42+00:00,56.0,139.3,148.0,1738,5044.3,parkrun,1,1,496.0,oauth,True,2022,9,5,8,Saturday,5.742455180434682,5.0443,28.966666666666665
897,7781866410,Ginninderra parkrun - 150!!,4990.8,1302,1302,2022-09-10 08:01:52+00:00,24.8,175.8,216.0,1302,4990.8,parkrun,1,1,470.0,oauth,True,2022,9,5,8,Saturday,4.348000320589885,4.9908,21.7
712,7782003649,Cooks River parkrun - 24:04,5022.7,1444,1434,2022-09-10 08:01:10+00:00,34.0,151.1,169.0,1434,5022.7,parkrun,1,1,503.0,oauth,True,2022,9,5,8,Saturday,4.7583968781730945,5.0226999999999995,23.9
898,7744620339,Greenway parkrun - #149,4980.8,1274,1274,2022-09-03 08:02:43+00:00,0.0,161.7,177.0,1274,4980.8,parkrun,1,1,511.0,oauth,True,2022,9,5,8,Saturday,4.263036727701039,4.9808,21.233333333333334
713,7705302203,New Farm parkrun - 22:54,4973.1,1374,1374,2022-08-27 07:01:32+00:00,8.0,157.9,175.0,1374,4973.1,parkrun,1,1,477.0,oauth,True,2022,8,5,7,Saturday,4.6047736824113725,4.9731000000000005,22.9
715,7627963713,Cook River parkrun - 28:01,4995.4,2444,1688,2022-08-13 08:01:00+00:00,34.0,148.9,171.0,1688,4995.4,parkrun,1,1,486.0,oauth,True,2022,8,5,8,Saturday,5.631847966796119,4.9954,28.133333333333333
716,7589013320,Cooks River Parkrun - 26:38,5004.9,1611,1611,2022-08-06 08:00:09+00:00,29.0,143.5,156.0,1611,5004.9,parkrun,1,1,523.0,oauth,True,2022,8,5,8,Saturday,5.364742552298749,5.004899999999999,26.85
717,7550442812,Cooks River parkrun - 24:15,5001.4,1456,1456,2022-07-30 08:01:17+00:00,35.0,151.4,188.0,1456,5001.4,parkrun,1,1,579.0,oauth,True,2022,7,5,8,Saturday,4.851974780394823,5.001399999999999,24.266666666666666
718,7512113447,Cooks River Parkrun - 23:35,4972.4,1416,1416,2022-07-23 08:02:34+00:00,23.0,150.8,168.0,1416,4972.4,parkrun,1,1,496.0,oauth,True,2022,7,5,8,Saturday,4.746199018582576,4.9723999999999995,23.6
902,7475049068,Wentworth parkrun,5001.7,1268,1265,2022-07-16 08:05:20+00:00,20.9,157.0,179.0,1265,5001.7,parkrun,1,1,546.0,oauth,True,2022,7,5,8,Saturday,4.215233487280991,5.0017,21.083333333333332
720,7437309517,Greenway parkrun - 22:28,4981.1,1350,1350,2022-07-09 08:00:28+00:00,9.0,155.5,175.0,1350,4981.1,parkrun,1,1,500.0,oauth,True,2022,7,5,8,Saturday,4.517074541767882,4.9811000000000005,22.5
903,7437376728,Greenway parkrun,5004.9,1259,1259,2022-07-09 08:00:28+00:00,0.0,159.3,177.0,1259,5004.9,parkrun,1,1,518.0,oauth,True,2022,7,5,8,Saturday,4.192557959865999,5.004899999999999,20.983333333333334
904,7400201757,Rhodes parkrun,4977.8,1294,1291,2022-07-02 08:03:30+00:00,6.9,165.6,176.0,1291,4977.8,parkrun,1,1,381.0,oauth,True,2022,7,5,8,Saturday,4.322525345868991,4.9778,21.516666666666666
721,7363422066,Cooks River Parkrun - 22:41,5026.5,1361,1361,2022-06-25 08:01:40+00:00,26.0,152.3,173.0,1361,5026.5,parkrun,1,1,513.0,oauth,True,2022,6,5,8,Saturday,4.512749096455453,5.0265,22.683333333333334
722,7325909452,St Peters parkrun - 28:39,5002.7,1727,1727,2022-06-18 08:03:46+00:00,61.0,145.7,171.0,1727,5002.7,parkrun,1,1,571.0,oauth,True,2022,6,5,8,Saturday,5.753559744404688,5.0027,28.783333333333335
723,7287943637,Cooks River Parkrun - 24:15,4999.8,1455,1455,2022-06-11 08:02:53+00:00,36.0,148.9,169.0,1455,4999.8,parkrun,1,1,476.0,oauth,True,2022,6,5,8,Saturday,4.85019400776031,4.9998000000000005,24.25
905,7250369697,Cookies,4967.9,1274,1274,2022-06-04 08:02:43+00:00,16.8,163.7,176.0,1274,4967.9,parkrun,1,1,446.0,oauth,True,2022,6,5,8,Saturday,4.274106429946927,4.967899999999999,21.233333333333334
725,7213183840,Morning Run - Cooks River Parkrun - 24:40,4980.7,1479,1479,2022-05-28 08:00:37+00:00,27.0,141.9,173.0,1479,4980.7,parkrun,1,1,480.0,oauth,True,2022,5,5,8,Saturday,4.9491035396631,4.9807,24.65
906,7213205691,Cookies,4945.3,1293,1288,2022-05-28 08:00:36+00:00,16.7,154.5,172.0,1288,4945.3,parkrun,1,1,485.0,oauth,True,2022,5,5,8,Saturday,4.340821925194965,4.9453000000000005,21.466666666666665
726,7175899806,Morning Run - Cooks River Parkrun - 26:31,5008.0,1592,1592,2022-05-21 08:02:35+00:00,27.0,149.8,161.0,1592,5008.0,parkrun,1,1,472.0,oauth,True,2022,5,5,8,Saturday,5.298189563365282,5.008,26.533333333333335
728,7099428942,Morning Run - Cooks River Parkrun - 25:52,5014.6,1552,1552,2022-05-07 08:02:30+00:00,40.0,142.2,157.0,1552,5014.6,parkrun,1,1,504.0,oauth,True,2022,5,5,8,Saturday,5.158271181483402,5.014600000000001,25.866666666666667
908,7099383638,Cookies,4971.9,1279,1276,2022-05-07 08:02:27+00:00,17.0,161.6,180.0,1276,4971.9,parkrun,1,1,470.0,oauth,True,2022,5,5,8,Saturday,4.277372164900072,4.9719,21.266666666666666
909,7024828516,Greenway parkrun,5002.9,1258,1255,2022-04-23 08:02:06+00:00,0.0,166.1,177.0,1255,5002.9,parkrun,1,1,488.0,oauth,True,2022,4,5,8,Saturday,4.180908406457589,5.0028999999999995,20.916666666666668
910,6988048821,Wildflower parkrun,4774.7,1398,1394,2022-04-16 08:00:46+00:00,119.5,159.7,177.0,1394,4774.7,parkrun,1,1,532.0,oauth,True,2022,4,5,8,Saturday,4.865925258829525,4.7747,23.233333333333334
730,6988040736,Morning Run - Cooks River Parkrun - 24:08,5003.5,1449,1449,2022-04-16 08:00:09+00:00,29.0,145.4,171.0,1449,5003.5,parkrun,1,1,499.0,oauth,True,2022,4,5,8,Saturday,4.826621365044469,5.0035,24.15
911,6844968552,Greenway parkrun,5001.1,1285,1285,2022-03-19 08:00:56+00:00,0.0,168.0,177.0,1285,5001.1,parkrun,1,1,521.0,oauth,True,2022,3,5,8,Saturday,4.282391207267734,5.0011,21.416666666666668
912,6809100282,Cookies,4947.8,1316,1313,2022-03-12 08:02:02+00:00,16.7,165.1,175.0,1313,4947.8,parkrun,1,1,440.0,oauth,True,2022,3,5,8,Saturday,4.42284112804344,4.9478,21.883333333333333
732,6737637233,Morning Run - GreenwayParkrun - 22:30,5019.9,1351,1351,2022-02-26 08:01:59+00:00,6.0,150.5,176.0,1351,5019.9,parkrun,1,1,521.0,oauth,True,2022,2,5,8,Saturday,4.4854811184817756,5.0199,22.516666666666666
734,6668195289,Morning Run - Dolls Point Parkrun - 22:37,4999.3,1356,1356,2022-02-12 08:03:26+00:00,14.0,153.2,172.0,1356,4999.3,parkrun,1,1,340.0,oauth,True,2022,2,5,8,Saturday,4.520632888604405,4.9993,22.6
914,6523893650,Cookies,4964.0,1331,1331,2022-01-15 08:00:30+00:00,16.7,167.4,177.0,1331,4964.0,parkrun,1,1,490.0,oauth,True,2022,1,5,8,Saturday,4.4688423314531285,4.964,22.183333333333334
3135,6488022603,Wentworth Common Parkrun,4949.8,1243,1243,2022-01-08 08:05:28+00:00,21.0,170.2,185.0,1243,4949.8,parkrun,1,1,559.0,oauth,True,2022,1,5,8,Saturday,4.18535429040904,4.9498,20.716666666666665
915,6488111783,Batemans Bay parkrun,5000.5,1289,1289,2022-01-08 08:00:44+00:00,8.0,165.4,179.0,1289,5000.5,parkrun,1,1,371.0,oauth,True,2022,1,5,8,Saturday,4.296237042962371,5.0005,21.483333333333334
916,6453342588,Batemans Bay parkrun,5000.4,1281,1277,2022-01-01 07:59:15+00:00,9.5,165.7,198.0,1277,5000.4,parkrun,1,1,410.0,oauth,True,2022,1,5,7,Saturday,4.256326160573821,5.0004,21.283333333333335
917,6423870417,Cookies Christmas Covid-return parkrun,4987.8,1301,1301,2021-12-25 07:59:25+00:00,16.8,166.0,179.0,1301,4987.8,parkrun,1,1,451.0,oauth,True,2021,12,5,7,Saturday,4.347274015263911,4.9878,21.683333333333334
736,6396037021,Morning Run - Casula Parkrun - 22:46,5044.4,1365,1365,2021-12-18 08:03:41+00:00,21.0,152.2,171.0,1365,5044.4,parkrun,1,1,503.0,oauth,True,2021,12,5,8,Saturday,4.509951629529776,5.0443999999999996,22.75
745,5999268827,Afternoon Run - (not) Airport Parkrun,5011.1,1258,1258,2021-09-22 13:05:46+00:00,9.0,162.3,176.0,1258,5011.1,parkrun,1,1,388.0,oauth,True,2021,9,2,13,Wednesday,4.184044753979498,5.011100000000001,20.966666666666665
755,5492946565,Morning Run - Cooks River Parkrun - 21:58,4986.6,1318,1318,2021-06-19 08:01:35+00:00,24.0,138.1,180.0,1318,4986.6,parkrun,1,1,519.0,oauth,True,2021,6,5,8,Saturday,4.405139106137782,4.9866,21.966666666666665
757,5453974468,Morning Run - Cooks River Parkrun - 22:41,5026.0,1369,1366,2021-06-12 08:01:37+00:00,27.0,140.4,164.0,1366,5026.0,parkrun,1,1,541.0,oauth,True,2021,6,5,8,Saturday,4.52977848521024,5.026,22.766666666666666
922,5453879311,Cookies parkrun,4953.3,1313,1313,2021-06-12 08:01:37+00:00,15.9,156.1,174.0,1313,4953.3,parkrun,1,1,467.0,oauth,True,2021,6,5,8,Saturday,4.417930134119341,4.9533000000000005,21.883333333333333
761,5414332555,Morning Run - Cooks River Parkrun - Exhibition run,4964.1,1741,1736,2021-06-05 08:02:39+00:00,26.0,153.5,169.0,1736,4964.1,parkrun,1,1,499.0,oauth,True,2021,6,5,8,Saturday,5.828515407291016,4.9641,28.933333333333334
765,5374144704,Morning Run - Cooks River Parkrun - 22:58,5025.6,1381,1381,2021-05-29 08:00:16+00:00,31.0,128.2,171.0,1381,5025.6,parkrun,1,1,491.0,oauth,True,2021,5,5,8,Saturday,4.57988432558633,5.025600000000001,23.016666666666666
924,5374103390,Cookies,4982.7,1303,1303,2021-05-29 08:00:15+00:00,16.1,159.6,175.0,1303,4982.7,parkrun,1,1,466.0,oauth,True,2021,5,5,8,Saturday,4.358413443849051,4.9826999999999995,21.716666666666665
771,5335885258,Morning Run - Rhodes Parkrun - 21:38,4978.7,1298,1298,2021-05-22 08:02:59+00:00,15.0,142.7,170.0,1298,4978.7,parkrun,1,1,393.0,oauth,True,2021,5,5,8,Saturday,4.345177121202991,4.9787,21.633333333333333
925,5336045472,Rhodes parkrun ,4951.7,1270,1270,2021-05-22 08:02:59+00:00,7.9,160.4,184.0,1270,4951.7,parkrun,1,1,385.0,oauth,True,2021,5,5,8,Saturday,4.274626222644075,4.9517,21.166666666666668
926,5297859238,Cookies,4975.4,1323,1323,2021-05-15 08:00:56+00:00,16.1,169.4,183.0,1323,4975.4,parkrun,1,1,448.0,oauth,True,2021,5,5,8,Saturday,4.431804478031918,4.9754,22.05
927,5258681810,Woodies takeover Centennial parkrun ,4994.9,1329,1329,2021-05-08 07:06:01+00:00,14.6,164.4,175.0,1329,4994.9,parkrun,1,1,420.0,oauth,True,2021,5,5,7,Saturday,4.434523213677951,4.9948999999999995,22.15
928,5220308030,Cookies,4950.6,1332,1329,2021-05-01 08:00:47+00:00,16.1,165.3,179.0,1329,4950.6,parkrun,1,1,468.0,oauth,True,2021,5,5,8,Saturday,4.474205146850886,4.9506000000000006,22.15
3139,5186544999,Woodies X Country,5133.4,1239,1239,2021-04-25 08:03:31+00:00,64.7,160.3,183.0,1239,5133.4,parkrun,1,1,548.0,oauth,True,2021,4,6,8,Sunday,4.022675030194413,5.1334,20.65
774,5180261133,Morning Run - Cooks River Parkrun - 24:03,4996.8,1444,1444,2021-04-24 08:02:15+00:00,28.0,155.0,173.0,1444,4996.8,parkrun,1,1,481.0,oauth,True,2021,4,5,8,Saturday,4.8164158394705945,4.9968,24.066666666666666
778,5098639143,Morning Run - Burley Griffin Parkrun ,4984.4,1583,1583,2021-04-10 08:00:35+00:00,31.0,149.6,168.0,1583,4984.4,parkrun,1,1,623.0,oauth,True,2021,4,5,8,Saturday,5.293181392611615,4.9844,26.383333333333333
930,5058025720,Greenway parkrun ,5010.1,1299,1299,2021-04-03 08:00:11+00:00,0.0,168.0,178.0,1299,5010.1,parkrun,1,1,516.0,oauth,True,2021,4,5,8,Saturday,4.32127103251432,5.0101,21.65
780,5058407898,Morning Run - Greenway Parkrun - 23:24,4997.0,1413,1413,2021-04-03 08:00:10+00:00,4.0,143.4,165.0,1413,4997.0,parkrun,1,1,540.0,oauth,True,2021,4,5,8,Saturday,4.712827696617971,4.997,23.55
784,4974789378,Morning Run - Cooks River Parkrun - 23:52,4973.4,1433,1433,2021-03-20 08:04:02+00:00,31.0,155.9,171.0,1433,4973.4,parkrun,1,1,473.0,oauth,True,2021,3,5,8,Saturday,4.802214447527513,4.9734,23.883333333333333
786,4896572111,Morning Run - Cooks River Parkrun - 22:46,5024.6,1372,1372,2021-03-06 08:01:30+00:00,28.0,159.5,173.0,1372,5024.6,parkrun,1,1,511.0,oauth,True,2021,3,5,8,Saturday,4.5509426952725915,5.0246,22.866666666666667
931,4896460556,Cooks parkrun woodies takeover,4939.3,1319,1319,2021-03-06 08:01:29+00:00,16.0,165.1,180.0,1319,4939.3,parkrun,1,1,466.0,oauth,True,2021,3,5,8,Saturday,4.450698142111905,4.9393,21.983333333333334
932,4855323741,Cooks parkrun ,4963.0,1332,1332,2021-02-27 08:00:46+00:00,15.9,169.1,181.0,1332,4963.0,parkrun,1,1,442.0,oauth,True,2021,2,5,8,Saturday,4.4731009470078575,4.963,22.2
788,4855342876,Cooks River Parkrun - 24:44,4998.8,1488,1488,2021-02-27 08:00:45+00:00,41.0,157.2,172.0,1488,4998.8,parkrun,1,1,507.0,oauth,True,2021,2,5,8,Saturday,4.961190685764583,4.9988,24.8
792,4814267690,Morning Run - Mosman Parkrun - 23:37,4884.9,1414,1414,2021-02-20 07:02:48+00:00,41.0,157.8,179.0,1414,4884.9,parkrun,1,1,493.0,oauth,True,2021,2,5,7,Saturday,4.824390809774338,4.8849,23.566666666666666
794,4777164878,Morning Run - Cooks River Parkrun - 24:13,5010.8,1456,1456,2021-02-13 08:01:51+00:00,27.0,149.0,169.0,1456,5010.8,parkrun,1,1,497.0,oauth,True,2021,2,5,8,Saturday,4.842872728240334,5.010800000000001,24.266666666666666
797,4702207197,Morning Run - Cooks River Parkrun - 22:51,5030.5,1418,1371,2021-01-30 08:01:03+00:00,23.0,160.3,174.0,1371,5030.5,parkrun,1,1,528.0,oauth,True,2021,1,5,8,Saturday,4.542292018686015,5.0305,22.85
933,4701925683,Cooks parkrun 6th birthday ,4979.1,1336,1336,2021-01-30 08:01:03+00:00,16.0,164.1,178.0,1336,4979.1,parkrun,1,1,466.0,oauth,True,2021,1,5,8,Saturday,4.472026403700802,4.979100000000001,22.266666666666666
798,4664259488,Morning Run - Cooks River Parkrun - 23:03,5009.3,1383,1383,2021-01-23 08:01:03+00:00,23.0,161.5,180.0,1383,5009.3,parkrun,1,1,492.0,oauth,True,2021,1,5,8,Saturday,4.601441319146387,5.0093000000000005,23.05
934,4664234426,Cooks parkrun,4950.5,1314,1314,2021-01-23 08:01:03+00:00,15.9,154.8,177.0,1314,4950.5,parkrun,1,1,477.0,oauth,True,2021,1,5,8,Saturday,4.423795576204424,4.9505,21.9
935,4626246787,Greenway parkrun,5004.0,1289,1289,2021-01-16 08:01:15+00:00,0.0,161.0,174.0,1289,5004.0,parkrun,1,1,493.0,oauth,True,2021,1,5,8,Saturday,4.293232081001865,5.004,21.483333333333334
936,4550961250,Bega parkrun,4974.4,1319,1316,2021-01-02 08:03:11+00:00,15.6,162.5,179.0,1316,4974.4,parkrun,1,1,407.0,oauth,True,2021,1,5,8,Saturday,4.409241985633109,4.974399999999999,21.933333333333334
799,4551128161,Morning Run - Greenway Parkrun - 22:04,5013.1,1328,1328,2021-01-02 08:01:02+00:00,2.0,159.7,182.0,1328,5013.1,parkrun,1,1,527.0,oauth,True,2021,1,5,8,Saturday,4.415099107006309,5.0131000000000006,22.133333333333333
4348,4550921226,Greenway Park Run (officially 17.46),5002.2,1069,1065,2021-01-02 08:01:02+00:00,0.0,167.5,181.0,1065,5002.2,parkrun,1,1,527.0,oauth,True,2021,1,5,8,Saturday,3.54843868697773,5.0022,17.75
800,4517139143,Morning Run - Cooks River Parkrun ,5025.8,1363,1363,2020-12-26 08:01:12+00:00,23.0,154.5,169.0,1363,5025.8,parkrun,1,1,499.0,oauth,True,2020,12,5,8,Saturday,4.520010081313754,5.0258,22.716666666666665
801,4513818636,Morning Run - Christmas Day Cooks River Parkrun,5021.1,1364,1364,2020-12-25 08:00:20+00:00,27.0,151.0,167.0,1364,5021.1,parkrun,1,1,506.0,oauth,True,2020,12,4,8,Friday,4.527560361939282,5.021100000000001,22.733333333333334
937,4513891173,Christmas parkrun,4963.9,1328,1324,2020-12-25 08:00:20+00:00,16.0,168.3,200.0,1324,4963.9,parkrun,1,1,449.0,oauth,True,2020,12,4,8,Friday,4.445429333118449,4.9639,22.066666666666666
939,4488528490,Parkrun is back!,4967.3,1314,1314,2020-12-19 08:03:25+00:00,15.9,168.4,179.0,1314,4967.3,parkrun,1,1,471.0,oauth,True,2020,12,5,8,Saturday,4.408833772874599,4.9673,21.9
802,4488609054,Morning Run - Cooks River Parkrun,4992.0,1349,1349,2020-12-19 08:03:23+00:00,28.0,155.4,171.0,1349,4992.0,parkrun,1,1,468.0,oauth,True,2020,12,5,8,Saturday,4.503872863247864,4.992,22.483333333333334
941,4257449609,TNT 5km time trial cooks parkrun,4922.9,1292,1292,2020-10-29 18:45:31+00:00,15.9,165.0,180.0,1292,4922.9,parkrun,1,1,449.0,oauth,True,2020,10,3,18,Thursday,4.374115528110126,4.922899999999999,21.533333333333335
4357,3880018765,(Not) Park Run ,5018.6,1080,1076,2020-08-08 07:35:32+00:00,19.2,167.5,184.0,1076,5018.6,parkrun,1,1,413.0,oauth,True,2020,8,5,7,Saturday,3.573373716441504,5.0186,17.933333333333334
3160,2971832140,West Coast New Years Day Parkrun - 3rd place,4944.1,1107,1107,2020-01-01 09:08:57+00:00,96.9,176.7,193.0,1107,4944.1,parkrun,1,1,460.0,oauth,True,2020,1,2,9,Wednesday,3.7317206367185123,4.944100000000001,18.45
3161,2961180372,Singapore East Coast Parkrun,4932.7,1094,1094,2019-12-28 07:40:13+00:00,47.8,178.5,193.0,1094,4932.7,parkrun,1,1,336.0,oauth,True,2019,12,5,7,Saturday,3.6964204864137966,4.9327,18.233333333333334
4368,2833927636,Rhodes Park Run ,4966.7,1056,1052,2019-11-02 08:05:16+00:00,30.7,174.2,184.0,1052,4966.7,parkrun,1,1,427.0,oauth,True,2019,11,5,8,Saturday,3.5301776498144317,4.9666999999999994,17.533333333333335
947,2685791512,Parkrun,4998.4,1331,1331,2019-09-07 08:01:07+00:00,41.3,160.4,196.0,1331,4998.4,parkrun,1,1,486.0,oauth,True,2019,9,5,8,Saturday,4.438086854460095,4.998399999999999,22.183333333333334
948,2645273493,parkrun,4980.5,1333,1329,2019-08-24 08:01:36+00:00,41.8,171.4,187.0,1329,4980.5,parkrun,1,1,483.0,oauth,True,2019,8,5,8,Saturday,4.447344644112037,4.9805,22.15
3176,2302981985,Kawana Parkrun - 4th place,4927.0,1123,1123,2019-04-20 07:07:52+00:00,46.8,178.2,188.0,1123,4927.0,parkrun,1,1,40.0,oauth,True,2019,4,5,7,Saturday,3.7987957513023476,4.927,18.716666666666665
3177,2285107416,Studley Parkrun - hard course!,4923.8,1160,1160,2019-04-13 08:06:04+00:00,53.5,176.2,185.0,1160,4923.8,parkrun,1,1,128.0,oauth,True,2019,4,5,8,Saturday,3.926506627672394,4.9238,19.333333333333332
3187,2047531770,Bishan New Year Parkrun - 2nd place - good start to 2019!,4978.3,1080,1080,2019-01-01 08:36:12+00:00,53.4,175.1,190.0,1080,4978.3,parkrun,1,1,104.0,oauth,True,2019,1,1,8,Tuesday,3.615692103730189,4.9783,18.0
3188,2041084943,Singapore East Coast Parkrun - 2nd place,4965.3,1091,1091,2018-12-29 07:42:01+00:00,49.8,183.7,196.0,1091,4965.3,parkrun,1,1,44.0,oauth,True,2018,12,5,7,Saturday,3.6620815123624624,4.9653,18.183333333333334
3197,1779187423,Studley Parkrun - 2nd place ğŸ¥ˆ,4990.8,1117,1117,2018-08-18 08:02:55+00:00,55.6,174.1,186.0,1117,4990.8,parkrun,1,1,125.0,oauth,True,2018,8,5,8,Saturday,3.7301968956212765,4.9908,18.616666666666667
3201,1655562496,Studley Parkrun - 1st place! ğŸ˜¯,4987.1,1123,1123,2018-06-23 08:02:04+00:00,55.1,173.3,192.0,1123,4987.1,parkrun,1,1,113.0,oauth,True,2018,6,5,8,Saturday,3.7530161149097996,4.987100000000001,18.716666666666665
851,1456577075,Easter Fast 5km training - Session 32 - Easy 5k - Cooks River Parkrun,5100.6,1379,1363,2018-03-17 08:00:19+00:00,48.2,171.9,185.0,1363,5100.6,parkrun,1,1,103.0,oauth,True,2018,3,5,8,Saturday,4.453724398436785,5.1006,22.716666666666665
853,1365239356,Cooks River Parkrun - Back in Strava. Uncomfortable but not all out. Felt alright ready to start another 10 week training program.,5065.5,1389,1384,2018-01-20 08:04:28+00:00,49.1,170.3,188.0,1384,5065.5,parkrun,1,1,105.0,oauth,True,2018,1,5,8,Saturday,4.553680123712697,5.0655,23.066666666666666
857,1307185820,Fast 5km training - Easy 8km - inc Cooks River Parkrun,8024.7,2525,2378,2017-12-09 08:02:52+00:00,62.3,161.9,183.0,2378,8024.7,parkrun,1,1,166.0,oauth,True,2017,12,5,8,Saturday,4.938917758088569,8.0247,39.63333333333333
859,1289020175,Fast 5km training - Easy 8km run - Cooks River Parkrun and some.,7132.0,2322,2246,2017-11-25 08:01:28+00:00,71.4,,,2246,7132.0,parkrun,1,1,144.0,oauth,True,2017,11,5,8,Saturday,5.248644606468498,7.132,37.43333333333333
860,1279461673,Fast 5km training - Easy 8km (close) - Cooks River Parkrun with Ryan,5804.1,2382,2009,2017-11-18 08:00:18+00:00,49.2,,,2009,5804.1,parkrun,1,1,133.0,oauth,True,2017,11,5,8,Saturday,5.768910482819616,5.8041,33.483333333333334
861,1269772147,Fast 5km training - Easy 6km run (5km) - Cooks River Parkrun,5000.0,1388,1388,2017-11-11 08:00:00+00:00,0.0,,,1388,5000.0,parkrun,1,0,,oauth,True,2017,11,5,8,Saturday,4.626666666666667,5.0,23.133333333333333
862,1259803209,Fast 5km training - Easy 5km cross country at Lawson parkrun with Ryan,4938.8,2313,1880,2017-11-04 07:55:44+00:00,103.7,,,1880,4938.8,parkrun,1,1,125.0,oauth,True,2017,11,5,7,Saturday,6.344321157636132,4.9388000000000005,31.333333333333332
863,1249567915,Fast 5km training - Easy 6km run - Cooks River Parkrun,6211.6,2099,1886,2017-10-28 07:57:19+00:00,56.1,,,1886,6211.6,parkrun,1,1,128.0,oauth,True,2017,10,5,7,Saturday,5.060424581964925,6.211600000000001,31.433333333333334
864,1239444682,Fast 5km training - Easy 6km - Cooks River Parkrun with Ryan & 1km,6055.0,2407,2210,2017-10-21 08:03:13+00:00,70.9,,,2210,6055.0,parkrun,1,1,119.0,oauth,True,2017,10,5,8,Saturday,6.083126892375448,6.055,36.833333333333336
865,1228779887,Cooks River Parkrun,5079.9,1503,1451,2017-10-14 08:00:46+00:00,50.0,,,1451,5079.9,parkrun,1,1,99.0,oauth,True,2017,10,5,8,Saturday,4.760592400112864,5.079899999999999,24.183333333333334
866,1163515189,Cooks River Parkrun with Ryan.,5149.0,1945,1817,2017-09-02 08:04:12+00:00,50.3,,,1817,5149.0,parkrun,1,1,99.0,oauth,True,2017,9,5,8,Saturday,5.881400919272351,5.149,30.283333333333335
3219,1140399722,Singapore East Coast Parkrun - winner! ğŸ˜¯,4970.6,1094,1094,2017-08-19 07:40:30+00:00,66.7,,,1094,4970.6,parkrun,1,1,32.0,oauth,True,2017,8,5,7,Saturday,3.6682358937217505,4.9706,18.233333333333334
867,1095004473,Cooks River Parkrun with Ryan.,5237.3,2213,1897,2017-07-22 08:02:46+00:00,50.3,,,1897,5237.3,parkrun,1,1,103.0,oauth,True,2017,7,5,8,Saturday,6.036825590794239,5.2373,31.616666666666667
868,1072502474,Cooks River Parkrun - started at talk.,5168.3,1519,1406,2017-07-08 08:00:49+00:00,49.5,,,1406,5168.3,parkrun,1,1,111.0,oauth,True,2017,7,5,8,Saturday,4.53405052596276,5.1683,23.433333333333334
869,1050876482,Cooks River Parkrun with Ryan (7 year old),5188.1,1922,1846,2017-06-24 07:59:10+00:00,50.4,,,1846,5188.1,parkrun,1,1,109.0,oauth,True,2017,6,5,7,Saturday,5.930237787757881,5.1881,30.766666666666666
870,996035109,Cooks River Parkrun with warmup / cool down,5106.6,1435,1387,2017-05-20 08:01:01+00:00,0.0,,,1387,5106.6,parkrun,1,1,96.0,oauth,True,2017,5,5,8,Saturday,4.526821498975182,5.1066,23.116666666666667
871,983334289,Cooks River Parkrun,5089.6,1382,1344,2017-05-13 08:02:59+00:00,0.0,,,1344,5089.6,parkrun,1,1,101.0,oauth,True,2017,5,5,8,Saturday,4.4011317195850355,5.089600000000001,22.4
872,912908177,Cooks River Parkrun Morning Run,5153.7,1863,1789,2017-03-25 07:57:36+00:00,0.0,,,1789,5153.7,parkrun,1,1,90.0,oauth,True,2017,3,5,7,Saturday,5.785487449146568,5.1537,29.816666666666666
873,895019334,Cooks River Parkrun,5128.8,1446,1373,2017-03-11 08:00:43+00:00,0.0,,,1373,5128.8,parkrun,1,1,108.0,oauth,True,2017,3,5,8,Saturday,4.461732439037071,5.1288,22.883333333333333
874,869935131,Cooks River Parkrun,6209.4,2632,2429,2017-02-18 08:03:41+00:00,0.0,,,2429,6209.4,parkrun,1,1,124.0,oauth,True,2017,2,5,8,Saturday,6.519685208447409,6.2094,40.483333333333334
875,854310337,Cooks River parkrun,3576.4,1500,900,2017-02-04 08:02:00+00:00,0.0,,,900,3576.4,parkrun,1,1,37.0,oauth,True,2017,2,5,8,Saturday,4.194161726876188,3.5764,15.0
876,846244191,Cooks River Parkrun with Ryan.,5431.7,2626,2308,2017-01-28 08:01:46+00:00,0.0,,,2308,5431.7,parkrun,1,1,116.0,oauth,True,2017,1,5,8,Saturday,7.0818835109941025,5.4317,38.46666666666667
878,838508158,Cooks River Parkrun,5046.0,1408,1401,2017-01-21 08:01:48+00:00,0.0,,,1401,5046.0,parkrun,1,1,102.0,oauth,True,2017,1,5,8,Saturday,4.627427665477606,5.046,23.35
881,811280469,Logan River Parkrun ,5000.0,1340,1340,2016-12-23 13:00:13+00:00,0.0,,,1340,5000.0,parkrun,1,0,,oauth,True,2016,12,4,13,Friday,4.466666666666667,5.0,22.333333333333332
3245,605232935,Kawana Parkrun 17:44 - 2nd place,4961.6,1067,1067,2016-06-11 07:13:58+00:00,10.5,,,1067,4961.6,parkrun,1,1,44.0,oauth,True,2016,6,5,7,Saturday,3.584193270987853,4.961600000000001,17.783333333333335
3261,460908242,Albert Parkrun - PB and 1st place :),4982.4,1002,1002,2016-01-02 08:06:02+00:00,12.0,,,1002,4982.4,parkrun,1,1,89.0,oauth,True,2016,1,5,8,Saturday,3.3517983301220298,4.982399999999999,16.7
3302,167726185,Parkrun,5120.8,1145,1140,2014-07-19 08:07:12+00:00,23.4,,,1140,5120.8,parkrun,1,1,103.0,oauth,True,2014,7,5,8,Saturday,3.7103577566005312,5.1208,19.0
3303,161773135,Parkrun,5023.1,1148,1148,2014-07-05 08:09:42+00:00,23.5,,,1148,5023.1,parkrun,1,1,96.0,oauth,True,2014,7,5,8,Saturday,3.8090687689540985,5.0231,19.133333333333333
