id,strava_activity_id,activity_name,distance,elapsed_time,moving_time,date,elevation_gain,average_heartrate,max_heartrate,final_time,final_distance,event_name,has_polyline,polyline_length,source,year,month,day_of_week,hour,pace_min_per_km,distance_km,time_minutes,is_parkrun,distance_category
490,16255450757,BBB,10000.2,2577,2577,2025-10-26 07:16:09+00:00,39.0,188.2,200.0,2577,10000.2,BBB,1,697.0,oauth,2025,10,6,7,4.294914101717965,10.000200000000001,42.95,False,10-15km
2503,16245399407,Bondi to Manly leg 1,18381.3,6181,6093,2025-10-25 06:33:31+00:00,413.0,168.2,189.0,6093,18381.3,Bondi to Manly Leg 1,1,1099.0,oauth,2025,10,5,6,5.524636451175923,18.3813,101.55,False,15-21km
650,16249620271,Bondi 2 Manly Ultra,78675.1,46030,40365,2025-10-25 05:20:21+00:00,1569.0,126.3,163.0,40365,78675.1,Bondi to Manly Ultra,1,1329.0,oauth,2025,10,5,5,8.550990084537547,78.6751,672.75,False,>42km
747,16247500405,Bondi to Manly (official 10.03.40),78288.7,36419,34856,2025-10-25 05:20:21+00:00,1606.0,145.6,160.0,34856,78288.7,Bondi to Manly Ultra,1,1357.0,oauth,2025,10,5,5,7.420398260966568,78.28869999999999,580.9333333333333,False,>42km
4379,16247558055,Bondi to Manly Ultra 2025,81960.1,40549,36114,2025-10-25 05:15:51+00:00,1594.0,,,36114,81960.1,Bondi to Manly Ultra,1,1352.0,oauth,2025,10,5,5,7.343817296464986,81.96010000000001,601.9,False,>42km
749,16025192084,Reboot in Bermagui,15698.3,4806,4800,2025-10-04 08:00:58+00:00,118.0,169.7,179.0,4800,15698.3,ReBoot in Bermagui,1,1091.0,oauth,2025,10,5,8,5.096093207544766,15.6983,80.0,False,15-21km
2504,15958167139,10 km  3 bridges race,10324.1,2770,2770,2025-09-28 08:00:10+00:00,81.0,175.8,190.0,2770,10324.1,Three Bridges 10k,1,1059.0,oauth,2025,9,6,8,4.471737649448055,10.3241,46.166666666666664,False,10-15km
4380,15712118085,Coastal Classic RNP,30917.5,15417,14852,2025-09-06 09:02:12+00:00,961.0,149.0,165.0,14852,30917.5,Coastal Classic,1,1228.0,oauth,2025,9,5,9,8.006253200722352,30.9175,247.53333333333333,False,21-42km
4381,15643057320,Sydney Marathon 2025,42803.0,14049,14049,2025-08-31 07:17:37+00:00,270.0,152.9,170.0,14049,42803.0,Sydney Marathon,1,1200.0,oauth,2025,8,6,7,5.47041095250333,42.803,234.15,False,>42km
491,15642882996,Sydney Marathon,42087.3,12849,12764,2025-08-31 07:05:42+00:00,279.0,170.6,186.0,12764,42087.3,Sydney Marathon,1,1189.0,oauth,2025,8,6,7,5.05457307390432,42.087300000000006,212.73333333333332,False,>42km
752,15642929390,Sydney Marathon 2025,42454.1,13333,13298,2025-08-31 07:03:27+00:00,281.0,164.1,185.0,13298,42454.1,Sydney Marathon,1,1211.0,oauth,2025,8,6,7,5.220540144139985,42.4541,221.63333333333333,False,>42km
2505,15643380175,TCS Sydney Marathon,42289.7,13012,12933,2025-08-31 07:03:27+00:00,360.0,174.8,192.0,12933,42289.7,Sydney Marathon,1,1209.0,oauth,2025,8,6,7,5.096985790866334,42.289699999999996,215.55,False,>42km
2235,15642694148,Sub315 I did it! - 2025 Sydney Marathon 3:14:36,42779.8,11676,11676,2025-08-31 06:35:04+00:00,277.0,159.0,170.0,11676,42779.8,Sydney Marathon,1,1215.0,oauth,2025,8,6,6,4.548875871322446,42.7798,194.6,False,>42km
492,15404058083,City2Surf,14037.1,3820,3820,2025-08-10 07:47:51+00:00,206.0,178.7,190.0,3820,14037.1,City2Surf,1,1065.0,oauth,2025,8,6,7,4.535599708391809,14.0371,63.666666666666664,False,10-15km
651,15404084514,City2Surf 2025,14008.7,4134,4134,2025-08-10 07:36:51+00:00,196.0,152.0,172.0,4134,14008.7,City2Surf,1,1085.0,oauth,2025,8,6,7,4.91837215444688,14.008700000000001,68.9,False,10-15km
4382,15403983903,City2Surf 2025,14010.5,4016,4016,2025-08-10 07:36:05+00:00,199.0,160.8,173.0,4016,14010.5,City2Surf,1,1087.0,oauth,2025,8,6,7,4.777369353936928,14.0105,66.93333333333334,False,10-15km
753,15404299656,City2surf 2025,13911.9,3773,3773,2025-08-10 07:36:04+00:00,210.0,165.4,177.0,3773,13911.9,City2Surf,1,1073.0,oauth,2025,8,6,7,4.520111079962718,13.9119,62.88333333333333,False,10-15km
3106,15314676866,Richmond Harriers Arthur Thornton 8K Handicap,8105.6,1976,1976,2025-08-02 14:18:47+00:00,11.0,147.1,162.0,1976,8105.6,,1,743.0,oauth,2025,8,5,14,4.06303460981708,8.1056,32.93333333333333,False,5-10km
2506,15246917111,Harbour 10km,10102.2,2626,2626,2025-07-27 08:15:56+00:00,48.0,167.9,185.0,2626,10102.2,Sydney Harbour 10,1,1033.0,oauth,2025,7,6,8,4.3323896444998775,10.1022,43.766666666666666,False,10-15km
760,14999436977,Bravehearts half,20927.0,6731,6728,2025-07-04 07:06:46+00:00,102.0,155.7,176.0,6728,20927.0,Bravehearts Half,1,1152.0,oauth,2025,7,4,7,5.358309042544719,20.927,112.13333333333334,False,15-21km
2507,14875272918,Cooks river 10km fun run,10071.7,2587,2584,2025-06-22 09:01:42+00:00,42.0,177.1,194.0,2584,10071.7,Cooks River Fun Run,1,1001.0,oauth,2025,6,6,9,4.27600769151848,10.0717,43.06666666666667,False,10-15km
762,14875292914,Cooks river fun run 2025,10064.9,2635,2630,2025-06-22 09:01:33+00:00,46.0,169.1,181.0,2630,10064.9,Cooks River Fun Run,1,992.0,oauth,2025,6,6,9,4.355068935939089,10.0649,43.833333333333336,False,10-15km
3107,14875093328,Cooks River 10K,9832.9,2400,2400,2025-06-22 09:01:31+00:00,30.0,167.9,184.0,2400,9832.9,Cooks River Fun Run,1,972.0,oauth,2025,6,6,9,4.067975876903049,9.8329,40.0,False,5-10km
4383,14875345602,Kiama Coastal Classic,21145.5,8509,8504,2025-06-22 08:01:32+00:00,545.0,153.4,166.0,8504,21145.5,Kiama Coastal Classic,1,1159.0,oauth,2025,6,6,8,6.702765757883868,21.1455,141.73333333333332,False,21-42km
2236,14875262702,Kiama Costal Classic Half Marathon first trail done!,21181.7,7648,7591,2025-06-22 08:01:29+00:00,550.0,142.8,159.0,7591,21181.7,Kiama Coastal Classic,1,1156.0,oauth,2025,6,6,8,5.972923167954728,21.1817,126.51666666666667,False,21-42km
4384,14512821170,Sydney 10,10122.8,2831,2831,2025-05-18 07:45:27+00:00,28.0,163.7,177.0,2831,10122.8,Sydney 10,1,886.0,oauth,2025,5,6,7,4.661095085681168,10.1228,47.18333333333333,False,10-15km
4168,14512969420,Sydney 10KM üéâ,10030.5,2869,2869,2025-05-18 07:45:26+00:00,41.8,162.1,179.0,2869,10030.5,Sydney 10,1,853.0,oauth,2025,5,6,7,4.767126929531596,10.0305,47.81666666666667,False,10-15km
767,14512977729,Sydney 10km,10115.4,2650,2650,2025-05-18 07:45:24+00:00,36.0,164.8,174.0,2650,10115.4,Sydney 10,1,781.0,oauth,2025,5,6,7,4.366279797800054,10.1154,44.166666666666664,False,10-15km
2239,14512788648,Sydney 10,10121.6,2415,2415,2025-05-18 07:45:05+00:00,29.0,163.5,173.0,2415,10121.6,Sydney 10,1,895.0,oauth,2025,5,6,7,3.976644008852355,10.1216,40.25,False,10-15km
4317,14512845799,Sydney 10,10130.2,2289,2289,2025-05-18 07:20:52+00:00,24.0,173.1,185.0,2289,10130.2,Sydney 10,1,948.0,oauth,2025,5,6,7,3.7659671082505772,10.1302,38.15,False,10-15km
769,14277921249,Sri Chinmoy Cooleman Clip 10km,9736.6,3460,3460,2025-04-25 10:20:06+00:00,314.0,161.3,177.0,3460,9736.6,Sri Chinmoy Cooleman Clip 10k,1,1070.0,oauth,2025,4,4,10,5.922669788906462,9.736600000000001,57.666666666666664,False,5-10km
2240,14160339874,Canberra Half Sub135 done!,21364.4,5648,5633,2025-04-13 08:30:17+00:00,121.0,157.8,173.0,5633,21364.4,Canberra Half marathon,1,1151.0,oauth,2025,4,6,8,4.394381931312527,21.3644,93.88333333333334,False,21-42km
2508,14160416197,Canberra marathon,42480.4,13485,13311,2025-04-13 06:16:17+00:00,266.0,171.3,193.0,13311,42480.4,Canberra Marathon,1,1222.0,oauth,2025,4,6,6,5.222408451897816,42.4804,221.85,False,>42km
770,14156384432,Sydney Backyard Ultra,104294.0,53866,46498,2025-04-12 08:00:01+00:00,681.0,131.5,154.0,46498,104294.0,Sydney Backyard Ultra,1,1377.0,oauth,2025,4,5,8,7.4305968384247105,104.294,774.9666666666667,False,
3108,14091896812,Shellharbour 10K,9963.6,2358,2358,2025-04-06 08:45:31+00:00,47.0,175.2,190.0,2358,9963.6,Shellharbour 10K,1,855.0,oauth,2025,4,6,8,3.944357461158617,9.9636,39.3,False,5-10km
4385,14092131733,Hobart Marathon 2025,42516.5,14131,14117,2025-04-06 06:01:10+00:00,468.0,149.4,167.0,14117,42516.5,Hobart Marathon,1,1305.0,oauth,2025,4,6,6,5.533929964445176,42.5165,235.28333333333333,False,>42km
4169,13692281673,Husky 10K üéâüí•üî•,9539.5,2790,2790,2025-02-22 16:40:09+00:00,74.8,170.1,181.0,2790,9539.5,,1,884.0,oauth,2025,2,5,16,4.874469311808795,9.5395,46.5,False,5-10km
2509,13637322385,SMC -10km,10034.2,2680,2656,2025-02-16 07:31:55+00:00,69.0,176.8,189.0,2656,10034.2,SMC 10k,1,1018.0,oauth,2025,2,6,7,4.411579066260057,10.0342,44.266666666666666,False,10-15km
4386,13637172374,SMC Long run,30132.2,9284,9283,2025-02-16 06:06:42+00:00,120.0,148.9,170.0,9283,30132.2,SMC 30k,1,1236.0,oauth,2025,2,6,6,5.134595770194896,30.1322,154.71666666666667,False,21-42km
3109,13503877080,Sun Run,10041.8,2434,2434,2025-02-01 06:30:30+00:00,93.0,164.9,190.0,2434,10041.8,Sun Run,1,743.0,oauth,2025,2,5,6,4.039780384658794,10.041799999999999,40.56666666666667,False,10-15km
3110,13116463789,SMC 10K,9953.4,2396,2396,2024-12-15 07:31:54+00:00,32.0,170.3,185.0,2396,9953.4,SMC 10k,1,1012.0,oauth,2024,12,6,7,4.012029390292094,9.9534,39.93333333333333,False,5-10km
4387,13116607032,SMC half marathon,21111.8,6144,6132,2024-12-15 07:02:16+00:00,79.0,161.4,178.0,6132,21111.8,SMC Half marathon,1,1133.0,oauth,2024,12,6,7,4.840894665542494,21.1118,102.2,False,21-42km
3111,12745046977,Bondi to Manly Leg 3,22709.6,8361,8229,2024-10-26 09:38:38+00:00,517.0,174.2,196.0,8229,22709.6,Bondi to Manly Leg 3,1,1130.0,oauth,2024,10,5,9,6.039296156691444,22.7096,137.15,False,21-42km
2510,12744360079,Bondi to manly leg2,19710.6,6023,6004,2024-10-26 07:58:15+00:00,329.0,160.9,189.0,6004,19710.6,Bondi to Manly Leg 2,1,1130.0,oauth,2024,10,5,7,5.076794550478761,19.7106,100.06666666666666,False,15-21km
787,12745739858,Bondi to Manly (official 10.08.49),78900.1,36652,34782,2024-10-26 05:25:56+00:00,1625.0,138.8,160.0,34782,78900.1,Bondi to Manly Ultra,1,1350.0,oauth,2024,10,5,5,7.347265719561825,78.90010000000001,579.7,False,>42km
2511,12640404601,Three Bridges Run,10565.3,2840,2837,2024-10-13 08:00:24+00:00,63.0,158.7,169.0,2837,10565.3,Three Bridges 10k,1,1023.0,oauth,2024,10,6,8,4.475342236693074,10.565299999999999,47.28333333333333,False,10-15km
791,12576446263,Reboot in Bermagui,15658.0,4822,4822,2024-10-05 08:59:42+00:00,107.0,168.3,181.0,4822,15658.0,ReBoot in Bermagui,1,1059.0,oauth,2024,10,5,8,5.1326265593732705,15.658,80.36666666666666,False,15-21km
2512,12412345039,Sydney 10km,10009.6,2629,2611,2024-09-15 07:39:22+00:00,111.0,161.6,178.0,2611,10009.6,Sydney Marathon 10k,1,1033.0,oauth,2024,9,6,7,4.347493073316283,10.0096,43.516666666666666,False,10-15km
4388,12411925758,Sydney Marathon 2024,43189.5,14722,14699,2024-09-15 06:31:38+00:00,353.0,151.3,174.0,14699,43189.5,Sydney Marathon,1,1210.0,oauth,2024,9,6,6,5.6722891752239155,43.1895,244.98333333333332,False,>42km
2246,12411768747,Sydney Marsthon 2024,42955.9,13039,13014,2024-09-15 06:26:07+00:00,347.0,159.0,178.0,13014,42955.9,Sydney Marathon,1,1178.0,oauth,2024,9,6,6,5.0493645808841165,42.9559,216.9,False,>42km
795,12411819892,Sydney marathon,42493.4,13546,13512,2024-09-15 06:21:57+00:00,329.0,160.9,174.0,13512,42493.4,Sydney Marathon,1,1229.0,oauth,2024,9,6,6,5.299646533344001,42.4934,225.2,False,>42km
3112,12411603592,Sydney Marathon,42074.2,11953,11927,2024-09-15 06:08:01+00:00,308.0,168.3,179.0,11927,42074.2,Sydney Marathon,1,1232.0,oauth,2024,9,6,6,4.724589732741998,42.0742,198.78333333333333,False,>42km
2513,12353426243,Run to the hills,10224.3,2807,2807,2024-09-08 08:00:37+00:00,160.0,184.6,196.0,2807,10224.3,Run for the Hills,1,1046.0,oauth,2024,9,6,8,4.575700373945731,10.2243,46.78333333333333,False,10-15km
4171,12233673693,Sydney Half üèÉüèª‚Äç‚ôÄÔ∏è,21358.0,6954,6954,2024-08-25 06:32:04+00:00,97.2,167.5,183.0,6954,21358.0,,1,1133.0,oauth,2024,8,6,6,5.4265380653619255,21.358,115.9,False,21-42km
4319,12175155084,Penrith Duathlon: 2nd run leg - 2.5km,2549.8,611,611,2024-08-18 10:27:03+00:00,4.0,166.5,174.0,611,2549.8,,1,178.0,oauth,2024,8,6,10,3.993777289722069,2.5498000000000003,10.183333333333334,False,<5km
4320,12175155060,Penrith Duathlon: 1st Run Leg - 5km,4782.7,1233,1233,2024-08-18 09:30:03+00:00,0.0,158.6,175.0,1233,4782.7,,1,156.0,oauth,2024,8,6,9,4.296736153218893,4.7827,20.55,False,<5km
652,12174506745,Mudgee 10km - 46:35,10031.5,2797,2797,2024-08-18 08:00:02+00:00,30.0,151.8,168.0,2797,10031.5,Mudgee 10k,1,801.0,oauth,2024,8,6,8,4.647028526807224,10.0315,46.61666666666667,False,10-15km
2247,12115025173,C2S 1min PB and hey look at my magic socks ü¶Ñ,14030.4,3822,3822,2024-08-11 07:37:42+00:00,204.0,164.6,177.0,3822,14030.4,City2Surf,1,1059.0,oauth,2024,8,6,7,4.540141407230015,14.0304,63.7,False,10-15km
2514,12115591298,City2surf,14006.8,3962,3962,2024-08-11 07:37:33+00:00,198.0,179.0,199.0,3962,14006.8,City2Surf,1,1072.0,oauth,2024,8,6,7,4.714376826493798,14.0068,66.03333333333333,False,10-15km
4389,12115029486,City2Surf 2024,14056.9,4051,4051,2024-08-11 07:36:13+00:00,199.0,161.9,175.0,4051,14056.9,City2Surf,1,1113.0,oauth,2024,8,6,7,4.803097885498699,14.056899999999999,67.51666666666667,False,10-15km
804,12115090860,City2Surf 2024,13901.2,3797,3794,2024-08-11 07:35:54+00:00,191.0,166.6,178.0,3794,13901.2,City2Surf,1,1071.0,oauth,2024,8,6,7,4.548767972069557,13.901200000000001,63.233333333333334,False,10-15km
3113,11939031724,Sutherland 2 Surf,11098.9,2727,2727,2024-07-21 07:30:32+00:00,77.0,174.6,184.0,2727,11098.9,Sutherland 2 Surf,1,613.0,oauth,2024,7,6,7,4.095000405445584,11.0989,45.45,False,10-15km
2515,11874199318,Raffertys 12km + more,12778.5,4236,4231,2024-07-13 10:00:57+00:00,296.0,175.9,193.0,4231,12778.5,Raffertys Coastal,1,1052.0,oauth,2024,7,5,10,5.51838374352754,12.7785,70.51666666666667,False,10-15km
812,11825721235,Sri Chinmoy Dolls Point HM,21184.9,6227,6217,2024-07-07 08:02:59+00:00,93.0,172.9,185.0,6217,21184.9,Sri Chinmoy Dolls Point Half marathon,1,1104.0,oauth,2024,7,6,8,4.891062344720374,21.184900000000003,103.61666666666666,False,21-42km
4172,11825914323,GC Double Part 2: Marathon ü•≥,42802.6,15923,15923,2024-07-07 06:26:51+00:00,86.6,153.5,174.0,15923,42802.6,Gold Coast Marathon,1,1194.0,oauth,2024,7,6,6,6.200168525588009,42.8026,265.3833333333333,False,>42km
653,11442709101,Sydney 10 - 45:41,9926.2,2742,2742,2024-05-19 07:45:19+00:00,91.0,156.3,166.0,2742,9926.2,Sydney 10,1,872.0,oauth,2024,5,6,7,4.603977352864137,9.926200000000001,45.7,False,5-10km
818,11442745454,Sydney 10,10091.7,2593,2588,2024-05-19 07:45:17+00:00,33.0,164.0,177.0,2588,10091.7,Sydney 10,1,792.0,oauth,2024,5,6,7,4.274139474353511,10.091700000000001,43.13333333333333,False,10-15km
3114,11442640731,Sydney 10,10059.7,2374,2374,2024-05-19 07:45:12+00:00,25.0,169.8,186.0,2374,10059.7,Sydney 10,1,798.0,oauth,2024,5,6,7,3.933185548939498,10.059700000000001,39.56666666666667,False,10-15km
2253,11333573151,Sydney Hoka Half Marathon,21417.1,5968,5925,2024-05-05 07:00:00+00:00,177.0,167.9,190.0,5925,21417.1,Hoka Sydney Half marathon,1,1105.0,oauth,2024,5,6,7,4.610801649149511,21.417099999999998,98.75,False,21-42km
654,11333590045,Runaway HOKA Half Marathon - 1:50:26,20997.2,6629,6606,2024-05-05 06:52:19+00:00,167.0,150.6,172.0,6606,20997.2,Hoka Sydney Half marathon,1,1133.0,oauth,2024,5,6,6,5.243556283694969,20.9972,110.1,False,15-21km
3115,11227198938,SMC half marathon,20958.0,5394,5394,2024-04-21 07:00:02+00:00,60.0,176.3,191.0,5394,20958.0,,1,1140.0,oauth,2024,4,6,7,4.289531443840062,20.958,89.9,False,15-21km
820,11171412523,Sydney Backyard Ultra,81086.3,42799,34190,2024-04-13 08:00:10+00:00,649.0,135.9,160.0,34190,81086.3,Sydney Backyard Ultra,1,1341.0,oauth,2024,4,5,8,7.027492108202413,81.08630000000001,569.8333333333334,False,>42km
655,10926537842,Orange Marathon - 4:10:36,42324.9,15038,14939,2024-03-10 07:00:17+00:00,436.0,147.7,170.0,14939,42324.9,Orange Marathon,1,1247.0,oauth,2024,3,6,7,5.882667964563019,42.3249,248.98333333333332,False,>42km
3116,10838948864,MNT Magic Mile,1672.7,333,333,2024-02-26 18:58:31+00:00,7.0,167.8,183.0,333,1672.7,,1,204.0,oauth,2024,2,0,18,3.3179888802534823,1.6727,5.55,False,<5km
3117,10782765959,SMC 10k,9941.8,2392,2392,2024-02-18 07:34:31+00:00,29.0,179.9,194.0,2392,9941.8,,1,1003.0,oauth,2024,2,6,7,4.010004895156478,9.941799999999999,39.86666666666667,False,5-10km
656,10783158759,SMC - 30km,30031.5,11256,11127,2024-02-18 06:11:06+00:00,105.0,142.7,155.0,11127,30031.5,SMC 30k,1,1223.0,oauth,2024,2,6,6,6.17518272480562,30.0315,185.45,False,21-42km
657,10682999208,Sun Run - Dee Why to Manly - 49:22,10052.1,2961,2961,2024-02-03 06:32:29+00:00,94.0,154.6,165.0,2961,10052.1,Sun Run,1,879.0,oauth,2024,2,5,6,4.909421911839317,10.052100000000001,49.35,False,10-15km
3118,10597178937,SMC 10k,9934.5,2455,2455,2024-01-21 07:31:26+00:00,31.0,175.7,191.0,2455,9934.5,,1,1003.0,oauth,2024,1,6,7,4.1186437834482525,9.9345,40.916666666666664,False,5-10km
4390,10464661675,S√£o Silvestre de Lisboa 2023,10141.2,2862,2862,2023-12-30 21:31:35+00:00,65.0,160.6,174.0,2862,10141.2,S√£o Silvestre de Lisboa,1,816.0,oauth,2023,12,5,21,4.703585374511892,10.141200000000001,47.7,False,10-15km
660,10355416995,Port Stephens Half Marathon - 1:58:09,20822.5,7090,7035,2023-12-10 08:00:02+00:00,138.0,145.0,160.0,7035,20822.5,,1,1154.0,oauth,2023,12,6,8,5.630928082602953,20.8225,117.25,False,15-21km
839,10242303188,Kids run with Hazel,2625.7,1159,1153,2023-11-19 09:32:01+00:00,23.1,118.6,139.0,1153,2625.7,,1,328.0,oauth,2023,11,6,9,7.318683271762451,2.6256999999999997,19.216666666666665,False,<5km
840,10236851827,Stromlo 50,50233.2,19687,19429,2023-11-18 06:00:25+00:00,1050.4,160.1,199.0,19429,50233.2,,1,1309.0,oauth,2023,11,5,6,6.4462679396627465,50.2332,323.81666666666666,False,>42km
2518,10116278531,"Bondi to Manly, finish",192.8,45,45,2023-10-28 14:07:53+00:00,2.0,95.7,128.0,45,192.8,,1,27.0,oauth,2023,10,5,14,3.8900414937759336,0.1928,0.75,False,<5km
2519,10115153804,"Leg 1 Bondi to Manly, Wounded Woodiesü§†",18613.7,6197,6173,2023-10-28 06:06:51+00:00,427.0,172.9,189.0,6173,18613.7,,1,1098.0,oauth,2023,10,5,6,5.527290830588939,18.6137,102.88333333333334,False,15-21km
3119,10080389887,Panorama Punish,6146.8,1685,1685,2023-10-22 08:00:07+00:00,185.0,170.3,181.0,1685,6146.8,,1,473.0,oauth,2023,10,6,8,4.568772911650506,6.1468,28.083333333333332,False,5-10km
666,10039661547,Melbourne Half Marathon - 1:49:54,21229.2,6595,6595,2023-10-15 08:01:44+00:00,83.0,154.0,167.0,6595,21229.2,,1,1141.0,oauth,2023,10,6,8,5.177616992946821,21.229200000000002,109.91666666666667,False,21-42km
4391,10039340159,BBBrun 2023,10064.0,2970,2970,2023-10-15 07:24:34+00:00,36.0,150.0,161.0,2970,10064.0,BBB,1,778.0,oauth,2023,10,6,7,4.918521462639109,10.064,49.5,False,10-15km
3120,10039317529,BBBRun,9963.0,2448,2448,2023-10-15 07:24:29+00:00,35.0,174.1,188.0,2448,9963.0,,1,826.0,oauth,2023,10,6,7,4.095152062631738,9.963,40.8,False,5-10km
3121,9960383293,Woodies Magic Mile,1653.4,357,357,2023-10-02 19:02:53+00:00,8.0,154.7,190.0,357,1653.4,,1,180.0,oauth,2023,10,0,19,3.598645215918713,1.6534,5.95,False,<5km
842,9945919872,Camel to Club Bermagui,6801.1,1926,1922,2023-09-30 09:22:20+00:00,47.8,158.4,176.0,1922,6801.1,,1,518.0,oauth,2023,9,5,9,4.710022398337523,6.8011,32.03333333333333,False,5-10km
2521,9864079664,Sydney Marathon-1st one so a PB ü§†,42451.2,13354,13346,2023-09-17 07:26:36+00:00,297.0,171.2,200.0,13346,42451.2,,1,1228.0,oauth,2023,9,6,7,5.239741946831499,42.4512,222.43333333333334,False,>42km
670,9864061514,Sydney Marathon - 4:27:55,42357.4,16077,15856,2023-09-17 07:20:24+00:00,337.0,148.2,164.0,15856,42357.4,,1,1244.0,oauth,2023,9,6,7,6.238972804437163,42.3574,264.26666666666665,False,>42km
4392,9863946773,Sydney Marathon 2023,40979.9,15199,14604,2023-09-17 07:17:48+00:00,358.4,152.3,168.0,14604,40979.9,Sydney Marathon,1,1235.0,oauth,2023,9,6,7,5.939497168123885,40.9799,243.4,False,21-42km
843,9863889164,Sydney marathon,42550.9,13339,13336,2023-09-17 07:15:00+00:00,411.0,158.0,177.0,13336,42550.9,,1,1239.0,oauth,2023,9,6,7,5.223547954724029,42.5509,222.26666666666668,False,>42km
672,9727172585,Lake Macquarie Half Marathon - 1:43:32,21183.5,6214,6214,2023-08-27 07:15:13+00:00,62.0,154.3,166.0,6214,21183.5,,1,1116.0,oauth,2023,8,6,7,4.889025263373223,21.1835,103.56666666666666,False,21-42km
493,9635739263,City2Surf 2023,14106.2,3727,3723,2023-08-13 07:52:00+00:00,203.0,187.0,200.0,3723,14106.2,City2Surf,1,1083.0,oauth,2023,8,6,7,4.398775006734627,14.106200000000001,62.05,False,10-15km
674,9635671495,City 2 Surf - 65:16,13955.0,3917,3917,2023-08-13 07:41:47+00:00,197.0,159.1,175.0,3917,13955.0,City2Surf,1,1081.0,oauth,2023,8,6,7,4.67813209124567,13.955,65.28333333333333,False,10-15km
4393,9635677998,City2Surf 2023,14054.0,3938,3938,2023-08-13 07:41:45+00:00,199.9,162.9,175.0,3938,14054.0,City2Surf,1,1049.0,oauth,2023,8,6,7,4.670082064418197,14.054,65.63333333333334,False,10-15km
2522,9635876343,City2surf ,13963.0,3701,3701,2023-08-13 07:41:38+00:00,204.0,165.5,186.0,3701,13963.0,City2Surf,1,1076.0,oauth,2023,8,6,7,4.417627539449498,13.963,61.68333333333333,False,10-15km
846,9635709776,City2surf 2023,13967.8,3751,3751,2023-08-13 07:40:36+00:00,191.7,170.2,194.0,3751,13967.8,City2Surf,1,1047.0,oauth,2023,8,6,7,4.475770462540033,13.967799999999999,62.516666666666666,False,10-15km
847,9590312700,Bayrun 2023,7132.4,1841,1836,2023-08-06 08:01:49+00:00,23.6,166.3,181.0,1836,7132.4,,1,664.0,oauth,2023,8,6,8,4.290280971342045,7.1324,30.6,False,5-10km
2523,9502825630,SH 10k,10069.7,2534,2534,2023-07-23 08:30:51+00:00,18.0,165.0,183.0,2534,10069.7,,1,1036.0,oauth,2023,7,6,8,4.1941004531747055,10.069700000000001,42.233333333333334,False,10-15km
3122,9458705094,Sutherland 2 Surf,11087.8,2785,2785,2023-07-16 07:30:07+00:00,72.0,175.1,185.0,2785,11087.8,,1,670.0,oauth,2023,7,6,7,4.186282821359211,11.0878,46.416666666666664,False,10-15km
854,9248916130,Sri Chinmoy HM Lennox Gardens,21547.8,5948,5948,2023-06-12 09:04:02+00:00,56.9,147.8,160.0,5948,21547.8,,1,1147.0,oauth,2023,6,0,9,4.600624348348014,21.5478,99.13333333333334,False,21-42km
2525,9153043672,SMC 1/2 ,21102.7,5646,5646,2023-05-28 07:02:11+00:00,82.0,166.2,184.0,5646,21102.7,,1,1152.0,oauth,2023,5,6,7,4.4591450383126325,21.102700000000002,94.1,False,21-42km
2526,9055514899,UTA22,22967.3,10175,10174,2023-05-12 06:46:17+00:00,997.0,155.7,192.0,10174,22967.3,,1,1145.0,oauth,2023,5,4,6,7.3829604118318946,22.967299999999998,169.56666666666666,False,21-42km
4179,9023951326,SYDNEY 10KM,10164.4,3152,3146,2023-05-07 07:45:34+00:00,101.6,,,3146,10164.4,,1,1025.0,oauth,2023,5,6,7,5.158527147036061,10.164399999999999,52.43333333333333,False,10-15km
686,9024042362,Sydney 10 - 46:37,9910.7,2797,2797,2023-05-07 07:45:26+00:00,33.0,153.5,173.0,2797,9910.7,,1,765.0,oauth,2023,5,6,7,4.703670443729168,9.9107,46.61666666666667,False,5-10km
3123,8947286564,MNT Magic Mile,1693.2,367,367,2023-04-24 19:09:15+00:00,3.0,169.7,187.0,367,1693.2,,1,255.0,oauth,2023,4,0,19,3.6124891723757773,1.6932,6.116666666666666,False,<5km
4180,8897891986,Canberra Marathon,42613.1,17619,16748,2023-04-16 06:17:31+00:00,260.9,,,16748,42613.1,,1,1256.0,oauth,2023,4,6,6,6.550411336732914,42.613099999999996,279.1333333333333,False,>42km
689,8897865626,Canberra Marathon - 3:57:55,42597.2,14278,14268,2023-04-16 06:16:28+00:00,327.0,152.4,179.0,14268,42597.2,,1,1247.0,oauth,2023,4,6,6,5.582526551040915,42.597199999999994,237.8,False,>42km
690,8815935474,NewRun - Newcastle Hill to Harbour,11887.9,3441,3437,2023-04-02 08:30:17+00:00,114.0,157.1,165.0,3437,11887.9,,1,1071.0,oauth,2023,4,6,8,4.818625100592479,11.8879,57.28333333333333,False,10-15km
2529,8693414486,Australian Alpine Ascent,21395.2,7842,7804,2023-03-11 08:58:18+00:00,566.0,159.2,170.0,7804,21395.2,,1,1163.0,oauth,2023,3,5,8,6.079245188952039,21.3952,130.06666666666666,False,21-42km
4325,8693411099,Alpine Ascent 22km,21393.5,6243,6235,2023-03-11 08:58:04+00:00,526.0,169.6,194.0,6235,21393.5,,1,1160.0,oauth,2023,3,5,8,4.857394379912902,21.3935,103.91666666666667,False,21-42km
494,8583922484,SMC Half Marathon ,21361.0,5886,5886,2023-02-19 07:00:17+00:00,100.0,191.0,200.0,5886,21361.0,SMC Half marathon,1,1131.0,oauth,2023,2,6,7,4.592481625392069,21.361,98.1,False,21-42km
2530,8586224970,SMC 1/2 marathon- watch failed üò£ ,21200.0,5987,5987,2023-02-19 07:00:00+00:00,0.0,,,5987,21200.0,,0,,oauth,2023,2,6,7,4.706761006289308,21.2,99.78333333333333,False,21-42km
694,8583956953,Sydney Marathon Clinic - SMC Race 6 - 30km,30313.0,11058,10974,2023-02-19 06:03:49+00:00,140.0,145.6,157.0,10974,30313.0,,1,1241.0,oauth,2023,2,6,6,6.033714907795336,30.313,182.9,False,21-42km
4326,8500022420,Sydney Striders 10km Race,9976.3,2186,2186,2023-02-04 07:00:03+00:00,63.0,171.1,200.0,2186,9976.3,,1,1019.0,oauth,2023,2,5,7,3.651988546187799,9.976299999999998,36.43333333333333,False,5-10km
696,8499871958,Sun Run - Dee Why to Manly - 50:38,10090.9,3038,3038,2023-02-04 06:15:24+00:00,104.0,156.6,176.0,3038,10090.9,,1,775.0,oauth,2023,2,5,6,5.0177222381882025,10.0909,50.63333333333333,False,10-15km
888,8296269323,Inner west beer mile,1689.7,560,392,2022-12-27 18:15:36+00:00,0.0,128.9,145.0,392,1689.7,,1,265.0,oauth,2022,12,1,18,3.8665640843542244,1.6897,6.533333333333333,False,<5km
4394,8136911727,Queenstown Marathon 2022,42473.6,14065,14040,2022-11-19 08:28:05+00:00,322.8,145.5,167.0,14040,42473.6,Queenstown Marathon,1,1287.0,oauth,2022,11,5,8,5.509304603330069,42.4736,234.0,False,>42km
701,8136993560,Morning Run - Stromlo 30km - 3:49:49,29936.0,13794,13440,2022-11-19 06:30:32+00:00,806.0,141.9,163.0,13440,29936.0,,1,1206.0,oauth,2022,11,5,6,7.482629609834313,29.936,224.0,False,21-42km
891,8136806734,Stromlo 30km,29805.2,10881,10863,2022-11-19 06:30:32+00:00,821.0,165.0,192.0,10863,29805.2,,1,1195.0,oauth,2022,11,5,6,6.074443385717929,29.8052,181.05,False,21-42km
3124,8004082965,Panorama Punish,6168.3,1894,1894,2022-10-23 08:10:15+00:00,174.0,173.6,185.0,1894,6168.3,,1,438.0,oauth,2022,10,6,8,5.117563456165664,6.1683,31.566666666666666,False,5-10km
707,7933002497,BBBRun 10km 2022 - 48:31,10012.6,2925,2925,2022-10-09 07:20:05+00:00,32.0,150.6,165.0,2925,10012.6,,1,880.0,oauth,2022,10,6,7,4.868865229810439,10.0126,48.75,False,10-15km
4181,7896871163,Melbourne Marathon Festival - 21km,21607.2,7196,7102,2022-10-02 08:02:47+00:00,96.5,,,7102,21607.2,,1,1176.0,oauth,2022,10,6,8,5.4781122341935395,21.607200000000002,118.36666666666666,False,21-42km
895,7891792415,Reboot in Bermagui,5993.2,1660,1660,2022-10-01 09:24:45+00:00,30.3,141.2,180.0,1660,5993.2,,1,494.0,oauth,2022,10,5,9,4.616342966473114,5.9932,27.666666666666668,False,5-10km
495,7825098824,Blackmores Bridge Run,10388.0,2778,2778,2022-09-18 08:04:19+00:00,120.9,,,2778,10388.0,Blackmores Bridge Run,1,1007.0,oauth,2022,9,6,8,4.457065845206007,10.388,46.3,False,10-15km
896,7825338067,Sydney marathon,42785.2,13700,13645,2022-09-18 07:06:34+00:00,434.2,158.4,178.0,13645,42785.2,,1,1231.0,oauth,2022,9,6,7,5.31531152516914,42.785199999999996,227.41666666666666,False,>42km
710,7824814496,Blackmores Half Marathon - 1:54:25,21153.9,6866,6778,2022-09-18 06:03:01+00:00,142.0,155.1,163.0,6778,21153.9,,1,1096.0,oauth,2022,9,6,6,5.340228830932673,21.1539,112.96666666666667,False,21-42km
4327,7749870404,Sydney Half Marathon ,21279.9,4817,4817,2022-09-04 06:32:41+00:00,109.0,160.3,174.0,4817,21279.9,,1,1125.0,oauth,2022,9,6,6,3.772730761579393,21.2799,80.28333333333333,False,21-42km
4328,7696731222,3km TT with extras! ,3148.1,678,678,2022-08-25 19:08:34+00:00,19.0,168.8,179.0,678,3148.1,,1,416.0,oauth,2022,8,3,19,3.5894666624313083,3.1481,11.3,False,<5km
899,7672177896,Bayrun 2022,6777.8,1741,1741,2022-08-21 08:02:05+00:00,25.3,160.3,178.0,1741,6777.8,,1,603.0,oauth,2022,8,6,8,4.281133504480313,6.7778,29.016666666666666,False,5-10km
714,7633741640,City 2 Surf - 69:18,13898.3,4167,4167,2022-08-14 08:19:31+00:00,216.0,162.9,175.0,4167,13898.3,City2Surf,1,1057.0,oauth,2022,8,6,8,4.997014023297814,13.898299999999999,69.45,False,10-15km
900,7633643076,City2surf 2022,13918.2,3807,3804,2022-08-14 07:45:42+00:00,189.1,130.8,160.0,3804,13918.2,City2Surf,1,1037.0,oauth,2022,8,6,7,4.555186733916742,13.9182,63.4,False,10-15km
4329,7633648482,City to Surf,14106.8,3111,3111,2022-08-14 07:45:17+00:00,205.0,170.8,182.0,3111,14106.8,City2Surf,1,1073.0,oauth,2022,8,6,7,3.6755323673689286,14.1068,51.85,False,10-15km
901,7551017323,Outback marathon,42149.9,14218,14203,2022-07-30 07:45:04+00:00,176.6,157.9,180.0,14203,42149.9,,1,1207.0,oauth,2022,7,5,7,5.616067100198735,42.1499,236.71666666666667,False,>42km
4330,7517852587,Sydney Harbour 10,10091.8,2205,2200,2022-07-24 08:00:05+00:00,20.0,170.3,179.0,2200,10091.8,,1,1062.0,oauth,2022,7,6,8,3.63331285466088,10.0918,36.666666666666664,False,10-15km
719,7480588542,Sutherland 2 Surf - 51:59,11129.9,3121,3121,2022-07-17 07:30:50+00:00,78.0,154.4,172.0,3121,11129.9,,1,690.0,oauth,2022,7,6,7,4.673596947561673,11.1299,52.016666666666666,False,10-15km
4331,7480721645,Sutherland to Surf ,11136.1,2426,2426,2022-07-17 07:30:05+00:00,75.0,168.3,198.0,2426,11136.1,,1,729.0,oauth,2022,7,6,7,3.6308342537632856,11.1361,40.43333333333333,False,10-15km
4332,7399653791,Gold Coast 1/2 Marathon ,21204.0,4866,4866,2022-07-02 06:00:14+00:00,51.0,166.2,179.0,4866,21204.0,,1,1134.0,oauth,2022,7,5,6,3.824750047160913,21.204,81.1,False,21-42km
3125,7391792948,Woodies Magic Mile,1597.6,334,334,2022-06-30 19:00:54+00:00,7.0,165.8,186.0,334,1597.6,,1,219.0,oauth,2022,6,3,19,3.484393256551494,1.5976,5.566666666666666,False,<5km
3126,7331423938,Cooks River 10K,9923.0,2453,2453,2022-06-19 09:10:04+00:00,35.0,178.2,188.0,2453,9923.0,,1,989.0,oauth,2022,6,6,9,4.120057778225671,9.923,40.88333333333333,False,5-10km
4333,7331408119,Cooks River Fun Run ,9979.8,2227,2227,2022-06-19 09:10:01+00:00,29.7,169.6,180.0,2227,9979.8,,1,1007.0,oauth,2022,6,6,9,3.7191794090729946,9.9798,37.11666666666667,False,5-10km
724,7256039102,Wollongong 10km - 48:30,10011.9,2924,2924,2022-06-05 07:37:25+00:00,49.0,153.1,169.0,2924,10011.9,,1,831.0,oauth,2022,6,6,7,4.8675409595914205,10.011899999999999,48.733333333333334,False,10-15km
4334,7256041279,Wollongong Running Festival ,9978.9,2306,2306,2022-06-05 07:37:18+00:00,44.7,167.1,181.0,2306,9978.9,,1,869.0,oauth,2022,6,6,7,3.8514599137513486,9.9789,38.43333333333333,False,5-10km
3127,7250198119,Striders Lane Cove 10k,9755.0,2447,2447,2022-06-04 07:00:05+00:00,121.0,171.3,183.0,2447,9755.0,,1,1000.0,oauth,2022,6,5,7,4.180762002391935,9.755,40.78333333333333,False,5-10km
3128,7181302872,Woodies Bay Run Handicap,6866.7,1643,1643,2022-05-22 07:47:50+00:00,24.0,169.0,187.0,1643,6866.7,,1,624.0,oauth,2022,5,6,7,3.987844719200392,6.8667,27.383333333333333,False,5-10km
4335,7181315691,Woodstock Runners Handicap Race ,6804.6,1533,1533,2022-05-22 07:30:26+00:00,25.7,164.4,177.0,1533,6804.6,,1,658.0,oauth,2022,5,6,7,3.75481292067131,6.804600000000001,25.55,False,5-10km
727,7143674350,Morning Run - SMH Half - 1:57:41,21840.3,7064,7009,2022-05-15 07:21:43+00:00,231.0,159.3,168.0,7009,21840.3,,1,1122.0,oauth,2022,5,6,7,5.348675002937994,21.8403,116.81666666666666,False,21-42km
907,7143496848,SMH HM,21445.5,6334,6325,2022-05-15 06:56:21+00:00,462.3,169.8,184.0,6325,21445.5,,1,1150.0,oauth,2022,5,6,6,4.915561151135048,21.4455,105.41666666666667,False,21-42km
729,7067413065,Morning Run - Sydney 10 - 48:17,10001.5,2927,2922,2022-05-01 07:40:09+00:00,36.0,157.9,170.0,2922,10001.5,,1,777.0,oauth,2022,5,6,7,4.869269609558566,10.0015,48.7,False,10-15km
3129,7067294948,Sydney 10,10029.5,2377,2377,2022-05-01 07:39:58+00:00,25.0,173.1,186.0,2377,10029.5,,1,776.0,oauth,2022,5,6,7,3.9500141249979226,10.0295,39.61666666666667,False,10-15km
4336,7067235837,Sydney 10,10043.1,2163,2163,2022-05-01 07:20:04+00:00,114.4,164.3,176.0,2163,10043.1,,1,801.0,oauth,2022,5,6,7,3.5895291294520613,10.0431,36.05,False,10-15km
3130,6956713657,Canberra Half Marathon,21259.4,5384,5384,2022-04-10 07:50:10+00:00,117.0,171.6,182.0,5384,21259.4,,1,1123.0,oauth,2022,4,6,7,4.220877980250305,21.259400000000003,89.73333333333333,False,21-42km
3131,6922373139,Running Stars 10K,9736.6,2469,2469,2022-04-03 07:30:08+00:00,16.0,177.2,186.0,2469,9736.6,,1,881.0,oauth,2022,4,6,7,4.226321303124293,9.736600000000001,41.15,False,5-10km
731,6773761495,Stromlo 30km,29953.1,12687,12464,2022-03-05 07:30:10+00:00,803.0,147.5,165.0,12464,29953.1,,1,1203.0,oauth,2022,3,5,7,6.93528660917679,29.9531,207.73333333333332,False,21-42km
3132,6773118319,Striders Lane Cove 10K,9720.4,2564,2564,2022-03-05 07:03:34+00:00,115.0,169.7,183.0,2564,9720.4,,1,1008.0,oauth,2022,3,5,7,4.39625255476455,9.7204,42.733333333333334,False,5-10km
913,6773604374,Stromlo 30km,29838.9,11723,11654,2022-03-05 06:50:09+00:00,830.7,165.5,199.0,11654,29838.9,,1,1201.0,oauth,2022,3,5,6,6.509399922025722,29.838900000000002,194.23333333333332,False,21-42km
3133,6708331301,Striders Equaliser trail race,13730.9,4463,4463,2022-02-20 07:04:25+00:00,338.0,170.0,183.0,4463,13730.9,,1,1095.0,oauth,2022,2,6,7,5.417221983506787,13.7309,74.38333333333334,False,10-15km
733,6680939168,Evening Run - Woodstock Runners - Monday Night Trackwork - 3km TT,3026.7,786,786,2022-02-14 18:55:29+00:00,31.0,154.8,172.0,786,3026.7,,1,311.0,oauth,2022,2,0,18,4.328146165791126,3.0267,13.1,False,<5km
735,6631464450,Sun Run - Dee Why to Manly - 48:37,10021.2,2918,2907,2022-02-05 06:16:07+00:00,116.0,163.2,175.0,2907,10021.2,,1,774.0,oauth,2022,2,5,6,4.8347503293018805,10.0212,48.45,False,10-15km
3134,6588328859,Woodies Magic Mile,1702.2,348,348,2022-01-27 19:05:35+00:00,10.0,172.7,184.0,348,1702.2,,1,239.0,oauth,2022,1,3,19,3.4073551874045354,1.7022,5.8,False,<5km
737,6343891137,Morning Run - Sydney Harbour 10,10166.1,2667,2663,2021-12-05 08:02:55+00:00,13.0,166.1,177.0,2663,10166.1,,1,1025.0,oauth,2021,12,6,8,4.365817111117669,10.1661,44.38333333333333,False,10-15km
918,6343868305,Sydney Harbour 10km,10115.7,2576,2571,2021-12-05 08:00:48+00:00,29.8,169.6,177.0,2571,10115.7,,1,981.0,oauth,2021,12,6,8,4.235989600324248,10.1157,42.85,False,10-15km
738,6320629362,Evening Run - Woodstock Runners - Magic Mile - Time = 6:09,1637.5,384,381,2021-11-29 19:06:40+00:00,6.0,144.3,179.0,381,1637.5,,1,171.0,oauth,2021,11,0,19,3.877862595419847,1.6375,6.35,False,<5km
739,6249913035,Afternoon Run - Community 3km,3230.2,722,722,2021-11-13 16:23:15+00:00,3.0,158.3,177.0,722,3230.2,,1,388.0,oauth,2021,11,5,16,3.725259529853673,3.2302,12.033333333333333,False,<5km
740,6204188244,Lunch Run - 3km TT,3013.0,689,689,2021-11-03 11:46:51+00:00,17.0,165.2,172.0,689,3013.0,,1,397.0,oauth,2021,11,2,11,3.811262307777409,3.013,11.483333333333333,False,<5km
741,6189377463,Morning Run -Bay Run Woodstock Handicap 7km,6950.1,1821,1821,2021-10-31 07:40:33+00:00,24.0,160.4,176.0,1821,6950.1,,1,625.0,oauth,2021,10,6,7,4.366843642537518,6.9501,30.35,False,5-10km
919,6189398012,Woodies bayrun handicap,6882.4,1774,1774,2021-10-31 07:30:01+00:00,25.7,153.3,181.0,1774,6882.4,,1,637.0,oauth,2021,10,6,7,4.29598202177535,6.8824,29.566666666666666,False,5-10km
742,6171923663,Lunch Run - 20:11,5010.2,1214,1214,2021-10-27 12:11:35+00:00,19.0,165.6,176.0,1214,5010.2,,1,678.0,oauth,2021,10,2,12,4.038428272989767,5.0102,20.233333333333334,False,5-10km
3136,6156611070,Running Stars 5K ‚≠êÔ∏è,4895.8,1219,1219,2021-10-24 07:36:32+00:00,7.0,172.9,188.0,1219,4895.8,,1,432.0,oauth,2021,10,6,7,4.1498154881054505,4.8958,20.316666666666666,False,<5km
920,6054829785,Virtual marathon,42449.1,13676,13659,2021-10-03 06:59:41+00:00,61.9,153.3,174.0,13659,42449.1,,1,1311.0,oauth,2021,10,6,6,5.362893441792641,42.4491,227.65,False,>42km
743,6049241388,Morning Run - The Ben Faulkner 10k Invitational TT - Tempe Tim Pace Team,10017.1,2656,2656,2021-10-02 07:16:29+00:00,10.0,149.8,171.0,2656,10017.1,,1,828.0,oauth,2021,10,5,7,4.419109988586183,10.017100000000001,44.266666666666666,False,10-15km
744,6009515637,Lunch Run - (not) Thursday Night Trackwork - Magic Mile TT,1623.8,352,352,2021-09-24 12:10:49+00:00,14.0,141.3,149.0,352,1623.8,,1,230.0,oauth,2021,9,4,12,3.6129244159789793,1.6238,5.866666666666666,False,<5km
746,5885684385,Lunch Run - (not) Monday Night Trackwork - 3km TT,3000.4,733,733,2021-09-01 11:56:20+00:00,7.0,159.9,181.0,733,3000.4,,1,231.0,oauth,2021,9,2,11,4.0716793316446696,3.0004,12.216666666666667,False,<5km
3137,5826287892,Richmond Harriers Virtual 5000,5000.9,1206,1206,2021-08-21 12:22:33+00:00,7.0,179.2,190.0,1206,5000.9,,1,663.0,oauth,2021,8,5,12,4.01927653022456,5.0009,20.1,False,5-10km
921,5794151422,Kipchoge Challenge,24375.9,7718,7715,2021-08-15 10:01:02+00:00,33.9,167.1,188.0,7715,24375.9,,1,1159.0,oauth,2021,8,6,10,5.275018905284865,24.3759,128.58333333333334,False,21-42km
4337,5484059983,The Mile,1651.0,334,334,2021-06-17 19:05:51+00:00,7.0,131.8,141.0,334,1651.0,,1,229.0,oauth,2021,6,3,19,3.371693922875025,1.651,5.566666666666666,False,<5km
759,5420690736,Morning Run - The Great NOSH Footrace - 1:55:02.9,16056.9,6908,6854,2021-06-06 10:00:05+00:00,386.0,153.5,179.0,6854,16056.9,,1,1091.0,oauth,2021,6,6,10,7.114283163831956,16.0569,114.23333333333333,False,15-21km
923,5415270582,Cross Country Relay,3988.4,1100,1100,2021-06-05 16:00:08+00:00,74.6,164.6,180.0,1100,3988.4,,1,336.0,oauth,2021,6,5,16,4.596663657941363,3.9884,18.333333333333332,False,<5km
4338,5415204339,State X Country Relay ,4001.2,886,886,2021-06-05 15:46:30+00:00,79.2,171.5,180.0,886,4001.2,,1,382.0,oauth,2021,6,5,15,3.690559498817022,4.0012,14.766666666666667,False,<5km
4339,5387539315,Woodstock Runners 3k TT,3060.5,634,634,2021-05-31 18:57:44+00:00,8.0,165.5,173.0,634,3060.5,,1,352.0,oauth,2021,5,0,18,3.4525948919021943,3.0605,10.566666666666666,False,<5km
763,5379815032,Morning Run - Woodstock Handicap #2 - Bay Run,6933.1,1982,1982,2021-05-30 07:34:40+00:00,24.0,159.2,176.0,1982,6933.1,,1,655.0,oauth,2021,5,6,7,4.764583423480597,6.9331000000000005,33.03333333333333,False,5-10km
4340,5336704991,St George X Country ,9602.4,2127,2127,2021-05-22 13:32:03+00:00,8.0,172.4,180.0,2127,9602.4,,1,850.0,oauth,2021,5,5,13,3.691785386986587,9.6024,35.45,False,5-10km
772,5226537251,Morning Run - Sydney 10k - 45:30,9911.6,2733,2733,2021-05-02 07:50:08+00:00,31.0,165.1,178.0,2733,9911.6,,1,805.0,oauth,2021,5,6,7,4.595625327898624,9.9116,45.55,False,5-10km
4341,5226501593,Sydney 10,10099.8,2144,2144,2021-05-02 07:20:11+00:00,31.0,166.2,176.0,2144,10099.8,,1,852.0,oauth,2021,5,6,7,3.53802385525786,10.0998,35.733333333333334,False,10-15km
3138,5226417890,Sydney 10,9974.9,2223,2223,2021-05-02 07:20:06+00:00,27.0,174.1,187.0,2223,9974.9,,1,757.0,oauth,2021,5,6,7,3.7143229506060207,9.9749,37.05,False,5-10km
773,5211756599,Evening Run - Thursday Night Trackwork - 3km TT,3302.6,831,831,2021-04-29 19:02:05+00:00,5.0,152.2,186.0,831,3302.6,,1,413.0,oauth,2021,4,3,19,4.193665596802519,3.3026,13.85,False,<5km
4342,5211929413,Woodies 3k TT ,3169.9,655,655,2021-04-29 19:02:03+00:00,9.0,166.7,177.0,655,3169.9,,1,440.0,oauth,2021,4,3,19,3.4438520668370187,3.1699,10.916666666666666,False,<5km
776,5105128301,Morning Run - Canberra Half Marathon - 1:51:47 ,21315.0,6710,6703,2021-04-11 07:52:46+00:00,126.0,157.7,173.0,6703,21315.0,,1,1118.0,oauth,2021,4,6,7,5.241222925951989,21.315,111.71666666666667,False,21-42km
4343,5105280825,Canberra 1/2 marathon (1:21.:21 official time) ,21278.9,4884,4884,2021-04-11 07:50:03+00:00,126.8,162.8,174.0,4884,21278.9,,1,1141.0,oauth,2021,4,6,7,3.8253857107275286,21.2789,81.4,False,21-42km
929,5104676942,Canberra 10km,10075.9,2749,2749,2021-04-11 07:00:08+00:00,54.9,162.9,186.0,2749,10075.9,,1,751.0,oauth,2021,4,6,7,4.54715376955574,10.075899999999999,45.81666666666667,False,10-15km
4395,5105069961,Canberra Marathon 2021,42713.8,13929,13775,2021-04-11 06:25:50+00:00,256.4,149.3,172.0,13775,42713.8,Canberra Marathon,1,1240.0,oauth,2021,4,6,6,5.374921766111498,42.713800000000006,229.58333333333334,False,>42km
3140,5057761690,Striders North Head 10K,10067.1,2219,2210,2021-04-03 07:04:03+00:00,55.7,180.2,185.0,2210,10067.1,,1,677.0,oauth,2021,4,5,7,3.658782900073838,10.0671,36.833333333333336,False,10-15km
3141,5029753596,Woodies Magic Mile,1588.1,317,314,2021-03-29 19:06:41+00:00,10.7,170.1,187.0,314,1588.1,,1,194.0,oauth,2021,3,0,19,3.2953424427512963,1.5880999999999998,5.233333333333333,False,<5km
782,5021755292,Morning Run - RunWest - 59:17,11997.4,3558,3558,2021-03-28 06:48:43+00:00,77.0,158.5,172.0,3558,11997.4,,1,1037.0,oauth,2021,3,6,6,4.942737593145182,11.997399999999999,59.3,False,10-15km
4344,5021863659,Run West 12km,12005.4,2649,2649,2021-03-28 06:48:33+00:00,115.7,165.8,178.0,2649,12005.4,,1,1022.0,oauth,2021,3,6,6,3.6775117863628033,12.0054,44.15,False,10-15km
3142,4896214439,Striders Homebush 10K,10111.6,2250,2242,2021-03-06 07:02:55+00:00,42.0,175.7,183.0,2242,10111.6,,1,894.0,oauth,2021,3,5,7,3.695425715679681,10.111600000000001,37.36666666666667,False,10-15km
790,4820164345,Morning Run - Woodstock 7km Bay Run Time Trial,6878.7,2040,2040,2021-02-21 07:36:01+00:00,26.0,156.3,169.0,2040,6878.7,,1,644.0,oauth,2021,2,6,7,4.94279442336488,6.8787,34.0,False,5-10km
3143,4820093324,Woodstock Bay Run Race,6915.5,1554,1551,2021-02-21 07:30:02+00:00,25.2,184.2,190.0,1551,6915.5,,1,534.0,oauth,2021,2,6,7,3.7379799002241345,6.9155,25.85,False,5-10km
4345,4741863194,5km Community Track Race,5206.7,1070,1070,2021-02-06 17:44:39+00:00,93.9,175.2,180.0,1070,5206.7,,1,611.0,oauth,2021,2,5,17,3.4250741032387757,5.2067,17.833333333333332,False,5-10km
3144,4740531631,Striders Lane Cove 10K,10022.6,2356,2353,2021-02-06 07:00:07+00:00,115.1,175.4,186.0,2353,10022.6,,1,925.0,oauth,2021,2,5,7,3.912823685138254,10.0226,39.21666666666667,False,10-15km
796,4740482710,Sun Run - Dee Why to Manly - 50:38,10075.7,3042,3042,2021-02-06 06:23:21+00:00,86.0,165.3,180.0,3042,10075.7,,1,737.0,oauth,2021,2,5,6,5.0319084530107085,10.075700000000001,50.7,False,10-15km
4346,4628179100,Duathlon: 2nd run leg,3887.3,862,860,2021-01-16 21:05:16+00:00,111.1,168.9,178.0,860,3887.3,,1,392.0,oauth,2021,1,5,21,3.687220778775328,3.8873,14.333333333333334,False,<5km
4347,4628178984,Duathlon: 1st run leg ,3592.6,785,780,2021-01-16 20:13:45+00:00,104.2,169.8,178.0,780,3592.6,,1,353.0,oauth,2021,1,5,20,3.6185492401046595,3.5926,13.0,False,<5km
938,4492980577,SMC half,21020.0,6238,6234,2020-12-20 06:45:54+00:00,39.2,159.2,175.0,6234,21020.0,,1,1155.0,oauth,2020,12,6,6,4.94291151284491,21.02,103.9,False,21-42km
940,4366938673,Stromlo 30km,29834.8,12471,12321,2020-11-21 08:40:49+00:00,826.7,161.2,197.0,12321,29834.8,,1,1197.0,oauth,2020,11,5,8,6.882901846166222,29.834799999999998,205.35,False,21-42km
3145,4298655129,Striders Lane Cove 10K ,9991.8,2301,2298,2020-11-07 07:00:02+00:00,114.2,179.1,188.0,2298,9991.8,,1,947.0,oauth,2020,11,5,7,3.8331431774054723,9.9918,38.3,False,5-10km
805,4257409470,Evening Run - Woodstock 5km TT,4956.9,1306,1306,2020-10-29 18:45:31+00:00,26.0,162.8,187.0,1306,4956.9,,1,488.0,oauth,2020,10,3,18,4.391185351059466,4.956899999999999,21.766666666666666,False,<5km
4349,4257866218,Woodstock Runners 5K TT substitute ,4959.2,1087,1082,2020-10-29 18:45:31+00:00,16.5,173.3,181.0,1082,4959.2,,1,394.0,oauth,2020,10,3,18,3.6363391944937358,4.9592,18.033333333333335,False,<5km
4350,4235828110,Community 10 (Track) race ,10412.5,2212,2207,2020-10-24 18:17:00+00:00,260.5,171.0,187.0,2207,10412.5,,1,1173.0,oauth,2020,10,5,18,3.532613045218087,10.4125,36.78333333333333,False,10-15km
942,4208529191,Sri Chinmoy Half,21137.7,6496,6491,2020-10-18 07:03:09+00:00,115.5,167.5,180.0,6491,21137.7,,1,1167.0,oauth,2020,10,6,7,5.118027663053848,21.137700000000002,108.18333333333334,False,21-42km
3146,4203887752,Richmond Harriers Turbo Tiger round 2 - 1500m - 4:44 ,1476.5,308,284,2020-10-17 08:59:46+00:00,21.8,173.3,181.0,284,1476.5,,1,219.0,oauth,2020,10,5,8,3.2057794333446217,1.4765,4.733333333333333,False,<5km
4351,4173239452,Unofficial Santos Invitational X Country Race ,4381.0,979,974,2020-10-10 07:25:04+00:00,99.7,165.1,174.0,974,4381.0,,1,343.0,oauth,2020,10,5,7,3.70539450658145,4.381,16.233333333333334,False,<5km
807,4173486806,Morning Run - Tempe X-Country ,4379.5,1254,1254,2020-10-10 07:25:02+00:00,21.0,152.9,169.0,1254,4379.5,,1,308.0,oauth,2020,10,5,7,4.772234273318872,4.3795,20.9,False,<5km
3147,4142769484,Sydney Striders North Head 10K ,10148.5,2214,2203,2020-10-03 07:00:08+00:00,75.9,177.4,185.0,2203,10148.5,,1,737.0,oauth,2020,10,5,7,3.6179402538963066,10.1485,36.71666666666667,False,10-15km
3148,4136229210,Richmond Harriers virtual track 3000m (~10:30 actual time),3123.4,986,623,2020-10-01 19:12:55+00:00,144.5,180.2,183.0,623,3123.4,,1,384.0,oauth,2020,10,3,19,3.3243687434633196,3.1234,10.383333333333333,False,<5km
4352,4085004729,BRATS Duathlon: 2.5k Run ,2674.9,598,598,2020-09-20 12:00:56+00:00,4.8,164.7,177.0,598,2674.9,,1,194.0,oauth,2020,9,6,12,3.7259959873889366,2.6749,9.966666666666667,False,<5km
4353,4085004728,BRATs Duathlon: 5k Run,5317.7,1176,1172,2020-09-20 11:02:19+00:00,9.5,165.7,171.0,1172,5317.7,,1,329.0,oauth,2020,9,6,11,3.673267264669563,5.317699999999999,19.533333333333335,False,5-10km
809,4046513018,Afternoon Run - 4k Cross Country ,3890.2,1111,1111,2020-09-12 14:32:08+00:00,8.0,153.2,171.0,1111,3890.2,,1,390.0,oauth,2020,9,5,14,4.759823830822751,3.8901999999999997,18.516666666666666,False,<5km
811,4046471348,Afternoon Run - 2k Cross Country ,1983.9,820,763,2020-09-12 14:04:41+00:00,3.0,132.2,141.0,763,1983.9,,1,224.0,oauth,2020,9,5,14,6.409933296369105,1.9839,12.716666666666667,False,<5km
3149,4046181393,Richmond Harriers Virtual 5000m Round 3 - Bay Run,4993.1,1097,1093,2020-09-12 10:44:49+00:00,3.7,179.7,186.0,1093,4993.1,,1,396.0,oauth,2020,9,5,10,3.648368081285507,4.9931,18.216666666666665,False,<5km
4354,4013286393,St George Athletics X Country ( Darren‚Äôs revenge).,3926.3,834,834,2020-09-05 14:34:35+00:00,5.3,172.6,180.0,834,3926.3,,1,395.0,oauth,2020,9,5,14,3.5402287140564908,3.9263000000000003,13.9,False,<5km
813,4013303491,Afternoon Run - 4K Cross Country ,3891.5,1101,1101,2020-09-05 14:34:26+00:00,3.0,146.7,171.0,1101,3891.5,,1,383.0,oauth,2020,9,5,14,4.715405370679687,3.8915,18.35,False,<5km
815,4013219161,Afternoon Run - 2k Cross Country ,1974.2,776,772,2020-09-05 14:03:33+00:00,2.0,133.5,145.0,772,1974.2,,1,223.0,oauth,2020,9,5,14,6.5174078951811705,1.9742,12.866666666666667,False,<5km
3150,4011995275,Striders Lane Cove 10K ,9983.8,2321,2321,2020-09-05 07:00:11+00:00,115.0,174.2,182.0,2321,9983.8,,1,838.0,oauth,2020,9,5,7,3.874610201860347,9.983799999999999,38.68333333333333,False,5-10km
3151,3979765434,Richmond Harriers Virtual 5k round 2 ,5033.3,1118,1106,2020-08-29 10:51:58+00:00,6.7,178.8,185.0,1106,5033.3,,1,374.0,oauth,2020,8,5,10,3.6622759091119805,5.0333000000000006,18.433333333333334,False,5-10km
4355,3947655726,St George Athletics X Country ,3945.1,849,845,2020-08-22 14:32:49+00:00,6.0,170.6,179.0,845,3945.1,,1,402.0,oauth,2020,8,5,14,3.569829239647495,3.9451,14.083333333333334,False,<5km
817,3914431316,Afternoon Run - Cross Country 4k - 18:30,4021.3,921,913,2020-08-15 14:35:26+00:00,2.5,171.8,177.0,913,4021.3,,1,372.0,oauth,2020,8,5,14,3.7840167773273983,4.0213,15.216666666666667,False,<5km
4356,3914397075,St George Athletics X Country ,3992.2,861,859,2020-08-15 14:32:16+00:00,5.7,171.0,187.0,859,3992.2,,1,406.0,oauth,2020,8,5,14,3.5861596780388423,3.9922,14.316666666666666,False,<5km
4358,3846095112,St George Athletics X Country,3957.6,871,866,2020-08-01 14:30:29+00:00,5.9,173.4,180.0,866,3957.6,,1,407.0,oauth,2020,8,5,14,3.6469914426251604,3.9576,14.433333333333334,False,<5km
943,3845362732,Westies Joggers 10km,9883.9,2746,2746,2020-08-01 07:14:48+00:00,107.5,163.3,176.0,2746,9883.9,,1,1008.0,oauth,2020,8,5,7,4.630425911499173,9.883899999999999,45.766666666666666,False,5-10km
3152,3845108918,Sydney Striders 10k race at North Head ,10067.7,2250,2250,2020-08-01 07:01:24+00:00,76.2,172.0,185.0,2250,10067.7,,1,825.0,oauth,2020,8,5,7,3.724783217616735,10.0677,37.5,False,10-15km
944,3813507239,2020 Bankstown Winter Distance ,5032.4,1300,1300,2020-07-26 15:32:44+00:00,69.0,151.1,177.0,1300,5032.4,,1,492.0,oauth,2020,7,6,15,4.3054341202342155,5.0324,21.666666666666668,False,5-10km
4359,3777531358,The Santos International Invitational (RunNSW Virtual 10),10042.4,2196,2193,2020-07-18 07:40:31+00:00,18.3,167.4,176.0,2193,10042.4,,1,1028.0,oauth,2020,7,5,7,3.6395682307018244,10.042399999999999,36.55,False,10-15km
4360,3452214118,Virtual 10k TT,10016.9,2232,2228,2020-05-15 07:04:27+00:00,35.3,133.8,154.0,2228,10016.9,,1,832.0,oauth,2020,5,4,7,3.707068387758022,10.0169,37.13333333333333,False,10-15km
4361,3377337173,Woodstock Runners Virtual 3k TT,3006.0,595,595,2020-05-01 08:18:14+00:00,102.2,166.7,181.0,595,3006.0,,1,432.0,oauth,2020,5,4,8,3.2989576402750056,3.006,9.916666666666666,False,<5km
4362,3353390006,Woodstock Runners Anzac Day club challenge: 1 hr of distance and max elevation from home ,13039.3,3610,3603,2020-04-26 07:57:02+00:00,452.8,134.0,151.0,3603,13039.3,,1,773.0,oauth,2020,4,6,7,4.605308567177686,13.039299999999999,60.05,False,10-15km
4363,3313673014,AFL Boundary Line Virtual 5K TT,5047.3,1047,1047,2020-04-18 07:21:03+00:00,47.2,160.3,170.0,1047,5047.3,,1,670.0,oauth,2020,4,5,7,3.4572939987716205,5.0473,17.45,False,5-10km
3153,3170515049,MUAC 5000,4898.2,1069,1069,2020-03-10 19:27:41+00:00,186.4,180.6,191.0,1069,4898.2,,1,604.0,oauth,2020,3,1,19,3.6373906060729793,4.8982,17.816666666666666,False,<5km
4364,3103016261,BBBRun,9974.0,2208,2203,2020-02-16 07:21:37+00:00,86.5,171.9,181.0,2203,9974.0,,1,886.0,oauth,2020,2,6,7,3.681237885168104,9.974,36.71666666666667,False,5-10km
3154,3095674210,Tiger5 - hot night ü•µ,5052.2,1071,1071,2020-02-13 19:30:33+00:00,92.4,179.0,189.0,1071,5052.2,,1,642.0,oauth,2020,2,3,19,3.533114286845335,5.0522,17.85,False,5-10km
4396,3086101503,San Marcos Half-Marathon,21181.7,6615,6609,2020-02-09 07:33:53+00:00,161.2,155.6,173.0,6609,21181.7,San Marcos Half marathon,1,978.0,oauth,2020,2,6,7,5.200243606509393,21.1817,110.15,False,21-42km
3155,3081021002,AV 1500m at Aberfeldie,1501.0,286,286,2020-02-08 14:53:21+00:00,14.7,167.6,178.0,286,1501.0,,1,183.0,oauth,2020,2,5,14,3.175660670664002,1.501,4.766666666666667,False,<5km
3156,3060809254,2k time trial,2034.8,417,417,2020-02-01 16:22:16+00:00,13.0,172.2,186.0,417,2034.8,,1,258.0,oauth,2020,2,5,16,3.4155690977000193,2.0348,6.95,False,<5km
3157,3056121659,Box Hill Classic 3000m,3008.9,620,616,2020-01-30 22:24:27+00:00,38.4,172.6,191.0,616,3008.9,,1,396.0,oauth,2020,1,3,22,3.4120996598978586,3.0089,10.266666666666667,False,<5km
4365,3055827470,The Magic Mile! ,1646.2,318,314,2020-01-30 19:02:47+00:00,31.1,173.4,182.0,314,1646.2,,1,228.0,oauth,2020,1,3,19,3.179038593933503,1.6462,5.233333333333333,False,<5km
4366,3023159594,SMC Half Marathon training ,21167.4,5070,5067,2020-01-19 07:01:01+00:00,83.9,160.8,177.0,5067,21167.4,,1,1149.0,oauth,2020,1,6,7,3.98962555627994,21.1674,84.45,False,21-42km
4367,3002927450,Man vs Light Rail.  Man won üí™,5507.4,1223,1223,2020-01-12 07:37:59+00:00,54.7,163.3,179.0,1223,5507.4,,1,476.0,oauth,2020,1,6,7,3.7010809698466307,5.5074,20.383333333333333,False,5-10km
3158,3000127026,200m @ Meadowglen 30.55,200.0,30,30,2020-01-11 15:36:17+00:00,0.0,,,30,200.0,,0,,oauth,2020,1,5,15,2.5,0.2,0.5,False,<5km
3159,3000068564,800m @ Meadowglen International Athletics Stadium,800.0,142,142,2020-01-11 14:00:16+00:00,0.0,,,142,800.0,,0,,oauth,2020,1,5,14,2.958333333333333,0.8,2.3666666666666667,False,<5km
3162,2945964518,AV Shield 5000m,5050.8,1089,1089,2019-12-21 14:59:11+00:00,44.6,175.5,186.0,1089,5050.8,,1,645.0,oauth,2019,12,5,14,3.593490140175813,5.050800000000001,18.15,False,5-10km
3163,2929726986,AV Shield Mile,1638.1,315,315,2019-12-13 19:51:37+00:00,10.3,164.1,181.0,315,1638.1,,1,207.0,oauth,2019,12,4,19,3.2049325438007448,1.6381,5.25,False,<5km
3164,2910184060,Zatopek Aberfeldie 10K - Heat 2 - 36:53,10049.8,2212,2212,2019-12-04 19:20:25+00:00,92.6,178.5,191.0,2212,10049.8,,1,1250.0,oauth,2019,12,2,19,3.6683980444055275,10.0498,36.86666666666667,False,10-15km
3165,2863936663,AV 5000m champs,5060.1,1081,1081,2019-11-14 20:48:15+00:00,49.6,177.5,188.0,1081,5060.1,,1,666.0,oauth,2019,11,3,20,3.5605356942879913,5.0601,18.016666666666666,False,5-10km
4369,2812841354,3k TT,2997.1,603,601,2019-10-24 19:03:21+00:00,57.9,173.1,184.0,601,2997.1,,1,415.0,oauth,2019,10,3,19,3.342119604506579,2.9971,10.016666666666667,False,<5km
945,2784019950,Melbourne marathon,42618.0,14197,14193,2019-10-13 07:01:28+00:00,390.1,163.3,187.0,14193,42618.0,,1,1247.0,oauth,2019,10,6,7,5.550471631704913,42.618,236.55,False,>42km
4370,2759198109,Magic Mile! Where was the magic?,1653.9,322,317,2019-10-03 19:02:50+00:00,30.3,175.2,184.0,317,1653.9,,1,228.0,oauth,2019,10,3,19,3.194469637422657,1.6539000000000001,5.283333333333333,False,<5km
825,2744833461,Morning Run - 22:16,5093.6,1989,1341,2019-09-28 07:48:54+00:00,39.7,174.8,180.0,1341,5093.6,,1,551.0,oauth,2019,9,5,7,4.3878592743835405,5.0936,22.35,False,5-10km
946,2708949067,Sydney Half - old dog new trick - PB!,21340.3,6061,6031,2019-09-15 06:00:33+00:00,556.3,161.7,201.0,6031,21340.3,,1,1115.0,oauth,2019,9,6,6,4.710180581653804,21.3403,100.51666666666667,False,21-42km
4371,2709326449,Blackmore‚Äôs Sydney 1/2 marathon ,21370.7,5132,5122,2019-09-15 06:00:32+00:00,666.5,165.0,189.0,5122,21370.7,,1,1123.0,oauth,2019,9,6,6,3.994565768396293,21.3707,85.36666666666666,False,21-42km
826,2705871524,Morning Run - 22:17,5098.9,1971,1344,2019-09-14 07:50:15+00:00,44.9,153.6,175.0,1344,5098.9,,1,570.0,oauth,2019,9,5,7,4.393104395065603,5.0988999999999995,22.4,False,5-10km
3166,2688902682,AV Burnley Half Marathon,21089.7,4876,4876,2019-09-08 08:02:05+00:00,123.4,178.3,187.0,4876,21089.7,,1,1097.0,oauth,2019,9,6,8,3.853381824618969,21.0897,81.26666666666667,False,21-42km
827,2685831225,Morning Run - 22:40,5108.4,1848,1373,2019-09-07 08:01:02+00:00,44.9,172.1,176.0,1373,5108.4,,1,552.0,oauth,2019,9,5,8,4.479550022185681,5.1084,22.883333333333333,False,5-10km
828,2665698237,Morning Run - 22:59,5054.4,1978,1393,2019-08-31 07:50:59+00:00,44.9,170.7,178.0,1393,5054.4,,1,560.0,oauth,2019,8,5,7,4.593357602616862,5.054399999999999,23.216666666666665,False,5-10km
4372,2661181185,3k TT in the wet ,3027.1,626,623,2019-08-29 18:55:59+00:00,56.9,167.4,181.0,623,3027.1,,1,439.0,oauth,2019,8,3,18,3.430125642804444,3.0271,10.383333333333333,False,<5km
829,2645241170,Morning Run - 22:57,5116.2,1998,1448,2019-08-24 08:01:35+00:00,47.7,172.4,181.0,1448,5116.2,,1,553.0,oauth,2019,8,5,8,4.717042596718919,5.1162,24.133333333333333,False,5-10km
4373,2608401146,C2S costume PBüòÇ,14185.9,4820,4803,2019-08-11 09:26:48+00:00,241.4,117.2,193.0,4803,14185.9,,1,1079.0,oauth,2019,8,6,9,5.642927131870378,14.1859,80.05,False,10-15km
949,2608187801,City2surf 2019,13956.3,3947,3947,2019-08-11 07:55:57+00:00,228.5,168.5,187.0,3947,13956.3,City2Surf,1,1049.0,oauth,2019,8,6,7,4.713522447449061,13.956299999999999,65.78333333333333,False,10-15km
830,2585177383,Morning Run - 22:36,5035.5,1024,980,2019-08-03 08:06:33+00:00,31.9,205.4,209.0,980,5035.5,,1,417.0,oauth,2019,8,5,8,3.243636845066693,5.0355,16.333333333333332,False,5-10km
4397,2568613135,Blacktown Marathon 2019,42311.3,14275,14275,2019-07-28 06:45:39+00:00,450.7,153.9,179.0,14275,42311.3,Blacktown Marathon,1,1220.0,oauth,2019,7,6,6,5.6230053594823755,42.3113,237.91666666666666,False,>42km
3167,2566105238,AV Ballarat 15K,14956.0,3485,3485,2019-07-27 14:30:08+00:00,183.3,182.5,191.0,3485,14956.0,,1,1115.0,oauth,2019,7,5,14,3.883614157082999,14.956,58.083333333333336,False,10-15km
4374,2566280995,Berry Duathlon - 3rd leg: 2.5km Run ,2440.9,526,526,2019-07-27 11:53:41+00:00,46.9,171.5,178.0,526,2440.9,,1,223.0,oauth,2019,7,5,11,3.5915714149152635,2.4409,8.766666666666667,False,<5km
4375,2566280993,Berry Duathlon - 1st leg: 5km Run ,4540.0,1009,1005,2019-07-27 11:00:01+00:00,80.0,172.1,178.0,1005,4540.0,,1,399.0,oauth,2019,7,5,11,3.6894273127753303,4.54,16.75,False,<5km
4376,2549281453,Hill Tri Duathlon: 3rd leg - 2.5km Run,2441.5,529,529,2019-07-21 10:05:40+00:00,4.9,163.4,168.0,529,2441.5,,1,113.0,oauth,2019,7,6,10,3.6111679978155506,2.4415,8.816666666666666,False,<5km
4377,2549281429,Hill Tri Duathlon: 1st leg - 5km Run ,4630.9,1059,1052,2019-07-21 09:23:39+00:00,6.6,167.8,171.0,1052,4630.9,,1,179.0,oauth,2019,7,6,9,3.786161077400362,4.6309,17.533333333333335,False,<5km
3168,2529805986,AV Albert Park 10K,10022.3,2211,2211,2019-07-14 09:00:14+00:00,83.8,180.4,189.0,2211,10022.3,,1,829.0,oauth,2019,7,6,9,3.6768007343623723,10.0223,36.85,False,10-15km
4378,2529844023,Sri Chinmoy 10km,9894.5,2159,2154,2019-07-14 08:22:24+00:00,64.1,168.6,189.0,2154,9894.5,,1,761.0,oauth,2019,7,6,8,3.6282783364495423,9.8945,35.9,False,5-10km
3169,2507665139,AV Sandown 6.2K relay,6256.9,1365,1365,2019-07-06 13:31:01+00:00,100.3,180.4,193.0,1365,6256.9,,1,405.0,oauth,2019,7,5,13,3.635985871597756,6.2569,22.75,False,5-10km
831,2507406705,Morning Run,5082.4,1329,1321,2019-07-06 08:02:51+00:00,42.3,170.5,174.0,1321,5082.4,,1,524.0,oauth,2019,7,5,8,4.33194291410882,5.0824,22.016666666666666,False,5-10km
3170,2469798860,AV Anglesea 4.6k leg,4550.0,1061,1061,2019-06-22 14:49:26+00:00,76.0,173.3,182.0,1061,4550.0,,1,496.0,oauth,2019,6,5,14,3.886446886446887,4.55,17.683333333333334,False,<5km
3171,2450693649,AV Bundoora 10K,9919.2,2319,2319,2019-06-15 14:34:48+00:00,193.4,183.1,192.0,2319,9919.2,,1,1061.0,oauth,2019,6,5,14,3.8964835873860793,9.9192,38.65,False,5-10km
3172,2413127622,AV 8K St Anne's Winery,8109.4,1916,1916,2019-06-01 13:30:15+00:00,149.1,178.7,194.0,1916,8109.4,,1,1017.0,oauth,2019,6,5,13,3.9378170189327615,8.109399999999999,31.933333333333334,False,5-10km
3173,2376121611,Richmond Harriers 5K,4922.5,1084,1084,2019-05-18 14:32:34+00:00,53.8,179.7,191.0,1084,4922.5,,1,483.0,oauth,2019,5,5,14,3.67022177078043,4.9225,18.066666666666666,False,<5km
3174,2339889247,AV 6K Jells Park relay 22:32,5901.6,1348,1348,2019-05-04 13:37:28+00:00,105.7,173.4,184.0,1348,5901.6,,1,155.0,oauth,2019,5,5,13,3.8068772310333916,5.9016,22.466666666666665,False,5-10km
832,2339525491,Morning Run,5149.3,1121,1082,2019-05-04 08:08:10+00:00,32.9,199.2,206.0,1082,5149.3,,1,81.0,oauth,2019,5,5,8,3.5020941357725,5.1493,18.033333333333335,False,5-10km
3175,2321429259,Richmond v Malvern 8K Tan,7953.3,1789,1789,2019-04-27 10:01:59+00:00,112.5,170.2,182.0,1789,7953.3,,1,127.0,oauth,2019,4,5,10,3.7489679336459916,7.9533000000000005,29.816666666666666,False,5-10km
833,2285109593,Morning Run,5056.2,1309,1309,2019-04-13 08:02:33+00:00,39.2,175.1,180.0,1309,5056.2,,1,88.0,oauth,2019,4,5,8,4.314834592513482,5.0562,21.816666666666666,False,5-10km
3178,2212324237,MUAC 5000,4949.6,1032,1032,2019-03-14 19:38:01+00:00,189.1,181.3,192.0,1032,4949.6,,1,199.0,oauth,2019,3,3,19,3.4750282851139485,4.9496,17.2,False,<5km
3179,2168160381,AV 1500m final 4:32 - fastest in 2 years,1522.1,272,272,2019-02-23 13:00:16+00:00,49.0,170.5,184.0,272,1522.1,,1,72.0,oauth,2019,2,5,13,2.9783413266758645,1.5221,4.533333333333333,False,<5km
3180,2159720415,Melb Uni mile,1611.6,304,304,2019-02-19 21:14:16+00:00,57.5,172.4,191.0,304,1611.6,,1,69.0,oauth,2019,2,1,21,3.1438735831885496,1.6116,5.066666666666666,False,<5km
3181,2129871379,Box Hill 3000m,3023.8,612,612,2019-02-07 21:44:04+00:00,29.8,179.2,191.0,612,3023.8,,1,120.0,oauth,2019,2,3,21,3.373238970831404,3.0238,10.2,False,<5km
3182,2114825503,Tiger5 üêÖ,5029.0,1066,1066,2019-01-31 19:29:03+00:00,94.2,172.8,195.0,1066,5029.0,,1,214.0,oauth,2019,1,3,19,3.5328428448333002,5.029,17.766666666666666,False,5-10km
3183,2088144547,Shield 400m 65.4 sec,400.0,65,65,2019-01-19 17:00:00+00:00,0.0,,,65,400.0,,0,,oauth,2019,1,5,17,2.708333333333333,0.4,1.0833333333333333,False,<5km
3184,2088083533,AV Shield 100m 14.95 - only 15 mins after the 1500m,100.0,15,15,2019-01-19 15:00:59+00:00,0.0,,,15,100.0,,0,,oauth,2019,1,5,15,2.5,0.1,0.25,False,<5km
3185,2088076989,AV Shield 1500m 4:39.5,1499.2,279,279,2019-01-19 14:43:05+00:00,26.0,171.8,187.0,279,1499.2,,1,65.0,oauth,2019,1,5,14,3.1016542155816436,1.4992,4.65,False,<5km
3186,2084448008,Milers 1500m,1522.9,282,282,2019-01-17 21:28:46+00:00,12.8,172.9,187.0,282,1522.9,,1,76.0,oauth,2019,1,3,21,3.0862170858231006,1.5229000000000001,4.7,False,<5km
3189,2026171234,Milers 800m at Box Hill - splits 71 then 66,800.0,137,137,2018-12-20 18:35:00+00:00,0.0,,,137,800.0,,0,,oauth,2018,12,3,18,2.8541666666666665,0.8,2.283333333333333,False,<5km
950,2502413064,Honolulu marathon,42433.4,14580,14577,2018-12-09 05:02:23+00:00,138.8,156.3,180.0,14577,42433.4,,1,1193.0,oauth,2018,12,6,5,5.7254426937271115,42.4334,242.95,False,>42km
3190,1990709702,Whitehorse 1500m,1500.0,279,279,2018-11-29 20:35:16+00:00,0.0,,,279,1500.0,,0,,oauth,2018,11,3,20,3.1,1.5,4.65,False,<5km
3191,1965605120,AV 5000m Vic Champs,5012.7,1072,1072,2018-11-15 18:59:27+00:00,175.0,174.1,184.0,1072,5012.7,,1,215.0,oauth,2018,11,3,18,3.5642800619759147,5.0127,17.866666666666667,False,5-10km
3192,1929314191,AV Shield 5000m,4987.1,1108,1108,2018-10-27 15:24:56+00:00,95.8,176.6,189.0,1108,4987.1,,1,214.0,oauth,2018,10,5,15,3.702886781228903,4.987100000000001,18.466666666666665,False,<5km
3193,1915289025,AV Shield 1500 - a long way to go with the speed work ,1502.7,288,288,2018-10-20 13:15:03+00:00,29.1,172.9,186.0,288,1502.7,,1,61.0,oauth,2018,10,5,13,3.1942503493711314,1.5027000000000001,4.8,False,<5km
3194,1902896245,Melb Marathon 10K,10081.6,2233,2226,2018-10-14 07:30:02+00:00,176.5,178.2,188.0,2226,10081.6,,1,150.0,oauth,2018,10,6,7,3.679971433105856,10.0816,37.1,False,10-15km
951,2611636314,Blackmores HM 2018,21277.5,6214,6208,2018-09-16 06:01:31+00:00,534.9,166.2,186.0,6208,21277.5,,1,1105.0,oauth,2018,9,6,6,4.862726667449967,21.2775,103.46666666666667,False,21-42km
3195,1841787975,AV Tan Relay,3797.4,799,799,2018-09-15 09:37:15+00:00,33.7,164.3,180.0,799,3797.4,,1,60.0,oauth,2018,9,5,9,3.5067853443584207,3.7974,13.316666666666666,False,<5km
3196,1812934905,AV Burnley Half Marathon - PB (by 80 seconds üòØ),21091.8,4625,4625,2018-09-02 08:02:21+00:00,119.7,175.4,197.0,4625,21091.8,,1,378.0,oauth,2018,9,6,8,3.6546588405604705,21.0918,77.08333333333333,False,21-42km
952,2611589044,city2surf 2018,13999.3,4100,4100,2018-08-12 07:56:06+00:00,213.7,175.6,189.0,4100,13999.3,City2Surf,1,1041.0,oauth,2018,8,6,7,4.88119644077442,13.9993,68.33333333333333,False,10-15km
953,2611591373,Bay Run 2018,6847.1,1882,1882,2018-08-05 08:00:06+00:00,58.4,169.7,211.0,1882,6847.1,,1,592.0,oauth,2018,8,6,8,4.581014833530497,6.8471,31.366666666666667,False,5-10km
3198,1748139835,AV Ballarat 15K,14929.3,3368,3368,2018-08-04 14:30:17+00:00,175.1,170.8,182.0,3368,14929.3,,1,208.0,oauth,2018,8,5,14,3.759944092042717,14.9293,56.13333333333333,False,10-15km
3199,1718752464,AV Albert Park 10K - fastest 10K in 2 years,10000.0,2140,2140,2018-07-22 09:00:00+00:00,0.0,,,2140,10000.0,,0,,oauth,2018,7,6,9,3.5666666666666664,10.0,35.666666666666664,False,5-10km
3200,1685606096,AV Sandown 3.1K relay,3135.8,629,629,2018-07-07 12:57:38+00:00,50.5,164.5,181.0,629,3135.8,,1,42.0,oauth,2018,7,5,12,3.3431128685928093,3.1358,10.483333333333333,False,<5km
954,2611634344,Cooks River 10km 2018,10035.8,2772,2772,2018-06-24 09:10:06+00:00,37.6,170.0,183.0,2772,10035.8,,1,944.0,oauth,2018,6,6,9,4.603519400546046,10.0358,46.2,False,10-15km
3202,1641142777,AV Bundoora 10K 37:10 - PB (for this course),9796.0,2230,2230,2018-06-16 14:36:11+00:00,178.2,176.8,186.0,2230,9796.0,,1,264.0,oauth,2018,6,5,14,3.7940656050088473,9.796,37.166666666666664,False,5-10km
3203,1596148818,AV Cruden Farm 12K,11716.5,2768,2768,2018-05-26 14:04:31+00:00,196.8,180.2,187.0,2768,11716.5,,1,340.0,oauth,2018,5,5,14,3.937467104795232,11.7165,46.13333333333333,False,10-15km
955,2611638108,smh HM 2018,21122.3,6512,6464,2018-05-20 06:50:18+00:00,663.6,171.3,194.0,6464,21122.3,,1,1130.0,oauth,2018,5,6,6,5.100454653770344,21.1223,107.73333333333333,False,21-42km
3204,1580998205,Richmond Harriers Runners World 5K 17:17,4878.9,1037,1037,2018-05-19 14:35:59+00:00,51.2,171.6,188.0,1037,4878.9,,1,113.0,oauth,2018,5,5,14,3.5424651731606174,4.8789,17.283333333333335,False,<5km
3205,1550081297,AV 8K St Anne‚Äôs Winery,7919.9,1844,1844,2018-05-05 13:20:30+00:00,180.9,180.9,189.0,1844,7919.9,,1,212.0,oauth,2018,5,5,13,3.8805203769407868,7.919899999999999,30.733333333333334,False,5-10km
3206,1521264943,AV Jells Park 6K relay,5908.5,1301,1296,2018-04-21 13:10:15+00:00,93.6,183.6,194.0,1296,5908.5,,1,161.0,oauth,2018,4,5,13,3.655750190403656,5.9085,21.6,False,5-10km
3207,1493434344,Richmond vs Malvern 8K,7996.0,1764,1764,2018-04-07 10:03:20+00:00,77.1,180.6,189.0,1764,7996.0,,1,120.0,oauth,2018,4,5,10,3.6768384192096044,7.996,29.4,False,5-10km
849,1480630465,Easter Fast 5km training - Session 40 - #Fast5k,5025.0,1331,1331,2018-03-31 09:41:23+00:00,30.6,171.0,200.0,1331,5025.0,,1,108.0,oauth,2018,3,5,9,4.414593698175787,5.025,22.183333333333334,False,5-10km
3208,1458221754,Run for the Kids,14575.6,3343,3338,2018-03-18 08:03:09+00:00,338.2,180.7,191.0,3338,14575.6,,1,177.0,oauth,2018,3,6,8,3.816881180420246,14.5756,55.63333333333333,False,10-15km
3209,1428109990,MUAC 5000,5000.0,1038,1038,2018-02-27 20:08:36+00:00,0.0,,,1038,5000.0,,0,,oauth,2018,2,1,20,3.46,5.0,17.3,False,<5km
3210,1394067626,Melb Uni Mile 4:55.1,1600.0,295,295,2018-02-06 21:43:00+00:00,0.0,,,295,1600.0,,0,,oauth,2018,2,1,21,3.0729166666666665,1.6,4.916666666666667,False,<5km
3211,1375293721,Rosebud Aus Day 10K - 92% humidity üí¶,9886.1,2297,2297,2018-01-26 08:31:02+00:00,66.7,184.3,194.0,2297,9886.1,,1,78.0,oauth,2018,1,4,8,3.872440429829086,9.8861,38.28333333333333,False,5-10km
855,1323411764,Update: A 22:03 - that‚Äôs a PB. The Fast 5km - well quicker - back to good times but no 21 mins.,5083.9,1386,1347,2017-12-23 07:01:32+00:00,28.1,170.1,179.0,1347,5083.9,,1,120.0,oauth,2017,12,5,7,4.415901178229312,5.0839,22.45,False,5-10km
3212,1319233361,Milers 800m 2:16 - first 800 since last season,814.4,136,136,2017-12-19 18:47:21+00:00,24.8,,,136,814.4,,1,40.0,oauth,2017,12,1,18,2.783235101506221,0.8144,2.2666666666666666,False,<5km
3213,1311197517,Zatopek Aberfeldie 10K division 2 - 3rd place,10104.0,2235,2235,2017-12-12 19:22:30+00:00,129.2,,,2235,10104.0,,1,394.0,oauth,2017,12,1,19,3.6866587490102933,10.104,37.25,False,10-15km
3214,1286890022,AV 5000m Vic Champs,5000.0,1086,1086,2017-11-23 19:09:37+00:00,0.0,,,1086,5000.0,,0,,oauth,2017,11,3,19,3.62,5.0,18.1,False,<5km
3215,1271311803,Marysville 10k - feeling sick + taking a wrong turn = not my day!,11230.2,3027,3007,2017-11-12 10:00:03+00:00,365.3,,,3007,11230.2,,1,195.0,oauth,2017,11,6,10,4.462669112452732,11.2302,50.11666666666667,False,10-15km
3216,1230377983,Melb Marathon 10K,9927.7,2223,2223,2017-10-15 07:30:08+00:00,167.1,,,2223,9927.7,,1,157.0,oauth,2017,10,6,7,3.73198223153399,9.927700000000002,37.05,False,5-10km
956,2502417767,Milsons Point Railway Station - The Rocks,42762.9,14368,14368,2017-09-17 07:07:36+00:00,762.6,162.7,188.0,14368,42762.9,,1,1229.0,oauth,2017,9,6,7,5.599869668957593,42.7629,239.46666666666667,False,>42km
3217,1185688275,AV Princes Park 3.2K relay,3116.3,650,650,2017-09-16 09:22:49+00:00,21.2,,,650,3116.3,,1,59.0,oauth,2017,9,5,9,3.4763448106194312,3.1163000000000003,10.833333333333334,False,<5km
3218,1176412636,AV Burnley Half Marathon,21142.8,4873,4873,2017-09-10 08:00:46+00:00,121.3,,,4873,21142.8,,1,376.0,oauth,2017,9,6,8,3.8413392108266966,21.142799999999998,81.21666666666667,False,21-42km
957,2502418047,City2surf 2017,13970.3,3820,3820,2017-08-13 07:55:59+00:00,220.1,175.5,193.0,3820,13970.3,City2Surf,1,1055.0,oauth,2017,8,6,7,4.557287006482801,13.9703,63.666666666666664,False,10-15km
958,2502418097,Drummoyne - Rodd Point,6796.0,1788,1788,2017-08-06 08:01:01+00:00,60.5,166.5,185.0,1788,6796.0,,1,578.0,oauth,2017,8,6,8,4.3849323131253675,6.796,29.8,False,5-10km
3220,1117719475,Richmond/Collingwood 8K,8021.8,1947,1947,2017-08-05 14:02:35+00:00,116.3,,,1947,8021.8,,1,139.0,oauth,2017,8,5,14,4.0452267570869385,8.0218,32.45,False,5-10km
3221,1106390233,AV Ballarat 15K - windy!,14879.7,3542,3542,2017-07-29 14:30:05+00:00,230.4,,,3542,14879.7,,1,193.0,oauth,2017,7,5,14,3.967373894186934,14.879700000000001,59.03333333333333,False,10-15km
959,2502418383,Sri Chinmoy Dolls Point half,21136.6,6169,6169,2017-07-16 08:02:28+00:00,145.2,165.4,188.0,6169,21136.6,,1,1073.0,oauth,2017,7,6,8,4.86439004696435,21.136599999999998,102.81666666666666,False,21-42km
3222,1061715843,Richmond Harriers - Runners World 5K race,4946.5,1123,1123,2017-07-01 14:35:20+00:00,52.5,,,1123,4946.5,,1,112.0,oauth,2017,7,5,14,3.7838202095757936,4.9465,18.716666666666665,False,<5km
3223,1040209586,AV Bundoora 10K,10072.4,2485,2485,2017-06-17 14:34:48+00:00,177.5,,,2485,10072.4,,1,256.0,oauth,2017,6,5,14,4.111896535747852,10.0724,41.416666666666664,False,10-15km
3224,1018369437,Richmond 8K handicap,7976.7,1842,1842,2017-06-03 14:25:43+00:00,64.6,,,1842,7976.7,,1,174.0,oauth,2017,6,5,14,3.848709366028558,7.9767,30.7,False,5-10km
960,2502419076,Saint Mary‚Äôs Cathedral - Pyrmont,21744.0,6493,6493,2017-05-21 06:46:22+00:00,657.7,169.5,192.0,6493,21744.0,,1,1119.0,oauth,2017,5,6,6,4.976851851851852,21.744,108.21666666666667,False,21-42km
3225,983515444,AV XC Wandin 8K,8229.0,2024,2024,2017-05-13 13:20:05+00:00,169.4,,,2024,8229.0,,1,208.0,oauth,2017,5,5,13,4.099323530603152,8.229,33.733333333333334,False,5-10km
3226,952308242,AV Jells Park 6K relay,6002.8,1384,1381,2017-04-22 12:29:43+00:00,56.5,,,1381,6002.8,,1,170.0,oauth,2017,4,5,12,3.834321760955998,6.002800000000001,23.016666666666666,False,5-10km
3227,933816739,Run for the Kids 56:03 (14.6K - 3:50/km pace),14273.0,3363,3000,2017-04-09 08:32:23+00:00,207.0,,,3000,14273.0,,1,180.0,oauth,2017,4,6,8,3.5031177748195894,14.273,50.0,False,10-15km
3228,922578679,Richmond-Malvern 8K race,7993.9,1826,1826,2017-04-01 10:31:04+00:00,53.7,,,1826,7993.9,,1,124.0,oauth,2017,4,5,10,3.8070695572040347,7.9939,30.433333333333334,False,5-10km
3229,902139761,Milers 1500m ~4:40,1518.0,280,280,2017-03-16 20:19:59+00:00,10.0,,,280,1518.0,,1,70.0,oauth,2017,3,3,20,3.0742204655248133,1.518,4.666666666666667,False,<5km
3230,863341183,AV final 400m 62.7,400.0,63,63,2017-02-12 16:56:12+00:00,0.0,,,63,400.0,,0,,oauth,2017,2,6,16,2.625,0.4,1.05,False,<5km
3231,863308557,AV final 1500m about 4:46 (GPS fail),1268.3,285,234,2017-02-12 14:53:45+00:00,21.5,,,234,1268.3,,1,57.0,oauth,2017,2,6,14,3.0749822597177325,1.2683,3.9,False,<5km
3232,836960963,Milers 1500m ~4:36,1532.9,277,277,2017-01-19 21:23:39+00:00,0.0,,,277,1532.9,,1,77.0,oauth,2017,1,3,21,3.0117207036771254,1.5329000000000002,4.616666666666666,False,<5km
3233,831052825,AV Track 800m,809.3,133,133,2017-01-14 13:53:37+00:00,0.0,,,133,809.3,,1,46.0,oauth,2017,1,5,13,2.738992544997735,0.8092999999999999,2.216666666666667,False,<5km
3234,823601289,AV shield track 1500m - hot!,1518.1,280,280,2017-01-07 14:58:19+00:00,0.0,,,280,1518.1,,1,72.0,oauth,2017,1,5,14,3.0740179610478013,1.5181,4.666666666666667,False,<5km
3235,802797556,Track 800m 2:15.9,826.6,137,137,2016-12-15 20:12:48+00:00,0.0,,,137,826.6,,1,40.0,oauth,2016,12,3,20,2.76231954189854,0.8266,2.283333333333333,False,<5km
3236,791896961,First 800 for the season - 2:10.9,814.9,130,130,2016-12-03 15:19:20+00:00,0.0,,,130,814.9,,1,46.0,oauth,2016,12,5,15,2.6588129422833067,0.8149,2.1666666666666665,False,<5km
3237,777843827,5000m Vic Champs,5072.8,1056,1056,2016-11-17 19:54:18+00:00,0.0,,,1056,5072.8,,1,242.0,oauth,2016,11,3,19,3.469484308468696,5.0728,17.6,False,5-10km
3238,758899228,AV 400m 61.8 - slow,400.0,61,61,2016-10-29 17:00:51+00:00,0.0,,,61,400.0,,0,,oauth,2016,10,5,17,2.5416666666666665,0.4,1.0166666666666666,False,<5km
3239,758858364,AV 1500m 4:37.7,1521.7,278,278,2016-10-29 15:12:10+00:00,0.0,,,278,1521.7,,1,59.0,oauth,2016,10,5,15,3.044840200652779,1.5217,4.633333333333334,False,<5km
3240,758847617,AV shield 100m 14.43 - felt like warm up pace,100.0,14,14,2016-10-29 14:46:51+00:00,0.0,,,14,100.0,,0,,oauth,2016,10,5,14,2.333333333333333,0.1,0.23333333333333334,False,<5km
961,2502421927,Milsons Point Railway Station - The Rocks,43120.1,14965,14934,2016-09-18 07:06:22+00:00,743.7,,,14934,43120.1,,1,1222.0,oauth,2016,9,6,7,5.772250064355139,43.1201,248.9,False,>42km
3241,714723827,AV Tan Relays - PB,3832.1,791,791,2016-09-17 10:06:07+00:00,40.2,,,791,3832.1,,1,68.0,oauth,2016,9,5,10,3.4402372937379853,3.8321,13.183333333333334,False,<5km
3242,699542277,AV Half Marathon PB 1:18.28,21140.3,4708,4708,2016-09-04 08:07:08+00:00,63.7,,,4708,21140.3,,1,367.0,oauth,2016,9,6,8,3.7117101775597634,21.1403,78.46666666666667,False,21-42km
962,2502422180,City2surf 2016,14057.1,3986,3986,2016-08-14 07:55:54+00:00,211.6,,,3986,14057.1,City2Surf,1,1056.0,oauth,2016,8,6,7,4.7259629179086255,14.0571,66.43333333333334,False,10-15km
3243,673976478,Richmond/Collingwood 8K cross country,8122.4,1911,1911,2016-08-13 14:03:20+00:00,23.6,,,1911,8122.4,,1,141.0,oauth,2016,8,5,14,3.9212548015364925,8.122399999999999,31.85,False,5-10km
3244,665990574,AV Anglesea 6.2k relay lap,6227.3,1413,1413,2016-08-06 14:11:42+00:00,80.4,,,1413,6227.3,,1,127.0,oauth,2016,8,5,14,3.781735262473303,6.2273000000000005,23.55,False,5-10km
3246,597681623,"AV Ballarat 15K, almost 16K!",15575.3,3393,3393,2016-06-04 14:30:18+00:00,72.3,,,3393,15575.3,,1,210.0,oauth,2016,6,5,14,3.6307486854185798,15.575299999999999,56.55,False,15-21km
3247,590285267,Richmond 8K Jack Burns Handicap,7941.9,1707,1707,2016-05-28 14:21:21+00:00,27.7,,,1707,7941.9,,1,171.0,oauth,2016,5,5,14,3.5822662083380554,7.9418999999999995,28.45,False,5-10km
3248,582695332,AV Cruden Farm 16K,15568.8,3693,3693,2016-05-21 14:04:48+00:00,61.1,,,3693,15568.8,,1,462.0,oauth,2016,5,5,14,3.9534196598324853,15.5688,61.55,False,15-21km
963,2502422989,Saint Mary‚Äôs Cathedral - Pyrmont,21533.5,6662,6662,2016-05-15 06:46:58+00:00,557.1,,,6662,21533.5,,1,1138.0,oauth,2016,5,6,6,5.156306839730343,21.5335,111.03333333333333,False,21-42km
3249,567859626,Wandin Park 8K - extremely hilly,8165.3,1991,1991,2016-05-07 13:20:09+00:00,138.1,,,1991,8165.3,,1,219.0,oauth,2016,5,5,13,4.0639453949436435,8.1653,33.18333333333333,False,5-10km
3250,546599919,AV Jells Park 6K relay,6073.8,1296,1296,2016-04-16 13:52:27+00:00,69.3,,,1296,6073.8,,1,177.0,oauth,2016,4,5,13,3.5562580262767955,6.0738,21.6,False,5-10km
3251,539678989,8K Richmond vs Malvern Tan race - 3rd place,8059.6,1714,1714,2016-04-09 10:31:36+00:00,91.2,,,1714,8059.6,,1,122.0,oauth,2016,4,5,10,3.54442734957897,8.0596,28.566666666666666,False,5-10km
3252,521441565,Run for the Kids 57:15 16.3km (3:30/km),16022.4,3435,3435,2016-03-20 07:35:48+00:00,73.1,,,3435,16022.4,,1,208.0,oauth,2016,3,6,7,3.5731226283203514,16.0224,57.25,False,15-21km
3253,507495975,Melb Uni 5000m 16:38 (PB),5216.8,998,998,2016-03-03 19:54:31+00:00,0.0,,,998,5216.8,,1,199.0,oauth,2016,3,3,19,3.1884169094719623,5.2168,16.633333333333333,False,5-10km
3254,502608665,Vic Champs 1500m 4:23,1550.3,263,263,2016-02-26 21:39:44+00:00,0.0,,,263,1550.3,,1,70.0,oauth,2016,2,4,21,2.827409748650799,1.5503,4.383333333333334,False,<5km
3255,498294745,Geelong River Run 10K 35:26,10043.2,2126,2126,2016-02-21 08:01:20+00:00,45.5,,,2126,10043.2,,1,132.0,oauth,2016,2,6,8,3.5280919759970257,10.0432,35.43333333333333,False,10-15km
3256,486833483,Track 3000m 9:41 - AV shield final,3035.8,591,583,2016-02-06 13:58:50+00:00,0.0,,,583,3035.8,,1,150.0,oauth,2016,2,5,13,3.2006939411906803,3.0358,9.716666666666667,False,<5km
3257,481518783,Track 800m 2:07.7,826.7,127,127,2016-01-30 15:05:46+00:00,0.0,,,127,826.7,,1,40.0,oauth,2016,1,5,15,2.560380629813314,0.8267,2.1166666666666667,False,<5km
3258,478587043,Rosebud Aus Day 10K - 9th place,9903.3,2090,2090,2016-01-26 08:30:02+00:00,42.0,,,2090,9903.3,,1,85.0,oauth,2016,1,1,8,3.517346069828576,9.9033,34.833333333333336,False,5-10km
3259,473648795,Milers 1500m 4:24.4,1510.7,264,264,2016-01-19 20:35:42+00:00,0.0,,,264,1510.7,,1,71.0,oauth,2016,1,1,20,2.9125570927384654,1.5107000000000002,4.4,False,<5km
3260,466180691,"First ever 3K, 9:31.7",3101.9,572,572,2016-01-09 16:58:52+00:00,0.0,,,572,3101.9,,1,132.0,oauth,2016,1,5,16,3.0733851295442576,3.1019,9.533333333333333,False,<5km
3262,452617766,Geelong 10K 35:20 (track PB),10109.4,2119,2119,2015-12-19 21:05:52+00:00,0.0,,,2119,10109.4,,1,424.0,oauth,2015,12,5,21,3.4934483418072957,10.109399999999999,35.31666666666667,False,10-15km
3263,442407889,Vic Milers 1500m (4:22.1 official time),1523.2,261,261,2015-12-01 20:29:57+00:00,0.0,,,261,1523.2,,1,68.0,oauth,2015,12,1,20,2.855829831932773,1.5232,4.35,False,<5km
3264,435414497,Vic 5K Champs 16:43 (PB),4934.2,1003,1003,2015-11-19 19:24:29+00:00,0.0,,,1003,4934.2,,1,228.0,oauth,2015,11,3,19,3.3879183386702336,4.9342,16.716666666666665,False,<5km
3265,432255354,Track 800m 2:08.3 official time,826.7,128,128,2015-11-14 15:12:52+00:00,0.0,,,128,826.7,,1,42.0,oauth,2015,11,5,15,2.580541107213419,0.8267,2.1333333333333333,False,<5km
3266,432230968,Track 200m 27.05,200.0,27,27,2015-11-14 14:15:00+00:00,0.0,,,27,200.0,,0,,oauth,2015,11,5,14,2.25,0.2,0.45,False,<5km
3267,428520002,Marysville 10K - 4th place,10688.7,2532,2527,2015-11-08 10:00:02+00:00,298.3,,,2527,10688.7,,1,203.0,oauth,2015,11,6,10,3.9402983212801055,10.6887,42.11666666666667,False,10-15km
3268,415069066,Melbourne 10K 35:18,10099.3,2118,2118,2015-10-18 07:29:38+00:00,71.8,,,2118,10099.3,,1,152.0,oauth,2015,10,6,7,3.4952917528937646,10.0993,35.3,False,10-15km
4398,403726333,Berlin Marathon 2015,42445.5,16404,16194,2015-09-27 09:04:52+00:00,126.1,,,16194,42445.5,Berlin Marathon,1,374.0,oauth,2015,9,6,9,6.35874238729665,42.4455,269.9,False,>42km
964,2502425444,Milson Executive Apartments - The Rocks,42548.9,15180,15072,2015-09-20 07:25:41+00:00,798.5,163.5,182.0,15072,42548.9,,1,1245.0,oauth,2015,9,6,7,5.903795397765864,42.5489,251.2,False,>42km
965,2502425677,City2surf 2015,14039.1,3922,3890,2015-08-09 07:55:53+00:00,227.7,175.8,186.0,3890,14039.1,City2Surf,1,1047.0,oauth,2015,8,6,7,4.618054813580167,14.039100000000001,64.83333333333333,False,10-15km
3269,358438180,01/08/2015 Brimbank 16K,15669.1,3517,3517,2015-08-01 14:04:26+00:00,158.4,,,3517,15669.1,,1,299.0,oauth,2015,8,5,14,3.740908327004529,15.6691,58.61666666666667,False,15-21km
4399,354097782,Blacktown Marathon 2015,42297.5,14915,14795,2015-07-26 06:45:55+00:00,325.9,,,14795,42297.5,Blacktown Marathon,1,438.0,oauth,2015,7,6,6,5.829737770159781,42.2975,246.58333333333334,False,>42km
966,2502426031,Sri Chinmoy Dolls Point half,21267.8,6288,6289,2015-07-12 08:03:46+00:00,185.7,169.1,182.0,6289,21267.8,Sri Chinmoy Dolls Point Half marathon,1,1091.0,oauth,2015,7,6,8,4.92842074246827,21.267799999999998,104.81666666666666,False,21-42km
3270,334396431,28/06/2015 Albert Park 10K - 34:13 (PB),10000.0,2053,2053,2015-06-28 09:00:00+00:00,0.0,,,2053,10000.0,,0,,oauth,2015,6,6,9,3.421666666666667,10.0,34.21666666666667,False,5-10km
3271,324277856,13/06/2015 Bundoora 12K,12019.1,2709,2709,2015-06-13 14:30:23+00:00,122.5,,,2709,12019.1,,1,288.0,oauth,2015,6,5,14,3.756520870947076,12.0191,45.15,False,10-15km
3272,314548351,30/05/2015 Ballarat 15K - PB,14887.7,3184,3184,2015-05-30 14:30:37+00:00,67.4,,,3184,14887.7,,1,202.0,oauth,2015,5,5,14,3.5644637295664654,14.8877,53.06666666666667,False,10-15km
967,2502426590,Saint Mary‚Äôs Cathedral - Pyrmont,21050.1,6558,6555,2015-05-17 06:55:02+00:00,596.7,177.3,201.0,6555,21050.1,,1,1115.0,oauth,2015,5,6,6,5.189999097391462,21.050099999999997,109.25,False,21-42km
3273,300806140,09/05/2015 Lardner Park 8K,8271.1,1918,1918,2015-05-09 13:21:36+00:00,153.0,,,1918,8271.1,,1,188.0,oauth,2015,5,5,13,3.864862795355716,8.2711,31.966666666666665,False,5-10km
3274,287474873,18/04/2015 Jells Park 6K relay,6160.7,1282,1282,2015-04-18 12:50:49+00:00,71.8,,,1282,6160.7,,1,154.0,oauth,2015,4,5,12,3.4682206026371465,6.160699999999999,21.366666666666667,False,5-10km
3275,271968177,22/03/2015 Run for the Kids 55:55 (15.5km),15196.1,3355,3355,2015-03-22 08:36:22+00:00,97.7,,,3355,15196.1,,1,179.0,oauth,2015,3,6,8,3.679672196594302,15.1961,55.916666666666664,False,15-21km
3276,259180166,24/02/2015 Melb Uni 5000m 16:45 (PB),5151.0,1005,1005,2015-02-24 19:32:25+00:00,0.0,,,1005,5151.0,,1,189.0,oauth,2015,2,1,19,3.2517957678120752,5.151,16.75,False,5-10km
3277,248405355,Track 400m - 56.41 (season best),400.0,56,56,2015-01-31 19:00:00+00:00,0.0,,,56,400.0,,0,,oauth,2015,1,5,19,2.333333333333333,0.4,0.9333333333333333,False,<5km
3278,248358429,31/01/2015 Track 1500m PB - 4:22.0,1497.3,262,262,2015-01-31 12:55:37+00:00,0.0,,,262,1497.3,,1,70.0,oauth,2015,1,5,12,2.916360560119326,1.4972999999999999,4.366666666666666,False,<5km
3279,243551416,20/01/2015 Milers 800m - 2:07.1,833.2,127,127,2015-01-20 19:09:04+00:00,0.0,,,127,833.2,,1,47.0,oauth,2015,1,1,19,2.5404064650344056,0.8332,2.1166666666666667,False,<5km
3280,242017461,17/01/2015 Track 800m - 2:08.2 - season best,819.4,127,127,2015-01-17 14:23:36+00:00,0.0,,,127,819.4,,1,44.0,oauth,2015,1,5,14,2.5831909527296397,0.8194,2.1166666666666667,False,<5km
3281,242025019,17/01/2015 Track 200m 26.06,200.0,26,26,2015-01-17 13:10:00+00:00,0.0,,,26,200.0,,0,,oauth,2015,1,5,13,2.1666666666666665,0.2,0.43333333333333335,False,<5km
3282,239389308,10/01/2015 Track 400m,400.0,56,56,2015-01-10 17:30:00+00:00,0.0,,,56,400.0,,0,,oauth,2015,1,5,17,2.333333333333333,0.4,0.9333333333333333,False,<5km
3283,239389464,Track 100m,100.0,13,13,2015-01-10 14:15:00+00:00,0.0,,,13,100.0,,0,,oauth,2015,1,5,14,2.1666666666666665,0.1,0.21666666666666667,False,<5km
3284,239049619,10/01/2015 Track 1500m PB 4:25,1510.5,265,265,2015-01-10 13:15:40+00:00,0.0,,,265,1510.5,,1,77.0,oauth,2015,1,5,13,2.923976608187135,1.5105,4.416666666666667,False,<5km
3285,229916705,12/16/2014 Track 800m,827.5,129,129,2014-12-16 20:11:26+00:00,0.0,,,129,827.5,,1,45.0,oauth,2014,12,1,20,2.5981873111782474,0.8275,2.15,False,<5km
3286,226596246,12/06/2014 Track 1500m,1542.3,270,270,2014-12-06 15:03:57+00:00,0.0,,,270,1542.3,,1,69.0,oauth,2014,12,5,15,2.917720287881735,1.5423,4.5,False,<5km
3287,222165444,11/23/2014 200m Track,200.0,26,26,2014-11-23 14:10:00+00:00,0.0,,,26,200.0,,0,,oauth,2014,11,6,14,2.1666666666666665,0.2,0.43333333333333335,False,<5km
3288,222165347,11/23/2014 800m Track,818.9,129,129,2014-11-23 13:26:31+00:00,0.0,,,129,818.9,,1,37.0,oauth,2014,11,6,13,2.6254731957503967,0.8189,2.15,False,<5km
3289,219305505,11/15/2014 1500m PB,1559.5,270,270,2014-11-15 15:01:18+00:00,0.0,,,270,1559.5,,1,78.0,oauth,2014,11,5,15,2.8855402372555305,1.5595,4.5,False,<5km
3290,216096038,11/06/2014 5k Track - new PB :),5165.6,1070,1070,2014-11-06 18:59:04+00:00,0.0,,,1070,5165.6,,1,232.0,oauth,2014,11,3,18,3.452325641422745,5.1656,17.833333333333332,False,5-10km
3291,214078118,11/01/2014 800m track,824.0,132,132,2014-11-01 15:29:33+00:00,0.0,,,132,824.0,,1,42.0,oauth,2014,11,5,15,2.6699029126213594,0.824,2.2,False,<5km
3292,211670515,Track 400m,400.0,58,58,2014-10-25 16:55:00+00:00,0.0,,,58,400.0,,0,,oauth,2014,10,5,16,2.4166666666666665,0.4,0.9666666666666667,False,<5km
3293,211670624,Track 100m,100.0,13,13,2014-10-25 14:25:00+00:00,0.0,,,13,100.0,,0,,oauth,2014,10,5,14,2.1666666666666665,0.1,0.21666666666666667,False,<5km
3294,209011805,Track 400m relay,400.0,58,58,2014-10-19 16:00:00+00:00,0.0,,,58,400.0,,0,,oauth,2014,10,6,16,2.4166666666666665,0.4,0.9666666666666667,False,<5km
3295,209011068,Track 800m,828.7,134,134,2014-10-19 15:20:39+00:00,0.0,,,134,828.7,,1,46.0,oauth,2014,10,6,15,2.694984111660834,0.8287,2.2333333333333334,False,<5km
3296,209011631,Track 200m,200.0,26,26,2014-10-19 14:10:00+00:00,0.0,,,26,200.0,,0,,oauth,2014,10,6,14,2.1666666666666665,0.2,0.43333333333333335,False,<5km
3297,207149419,Track,400.0,58,58,2014-10-11 16:45:00+00:00,0.0,,,58,400.0,,0,,oauth,2014,10,5,16,2.4166666666666665,0.4,0.9666666666666667,False,<5km
3298,196839691,"09/20/2014 Melbourne, Victoria, Australia",3826.5,815,815,2014-09-20 10:06:06+00:00,28.4,,,815,3826.5,,1,63.0,oauth,2014,9,5,10,3.5498061762271877,3.8265,13.583333333333334,False,<5km
3299,190862973,"09/07/2014 Burnley, Victoria, Australia",21550.7,4936,4936,2014-09-07 08:00:37+00:00,41.5,,,4936,21550.7,,1,440.0,oauth,2014,9,6,8,3.8173547340302947,21.5507,82.26666666666667,False,21-42km
3300,180850735,"08/16/2014 Lake Gardens, VIC, Australia",15143.8,3439,3439,2014-08-16 14:29:41+00:00,67.1,,,3439,15143.8,,1,190.0,oauth,2014,8,5,14,3.7848272340275675,15.143799999999999,57.31666666666667,False,15-21km
968,2502428689,City2surf 2014,14089.4,3993,3960,2014-08-10 07:56:36+00:00,234.4,,,3960,14089.4,City2Surf,1,1080.0,oauth,2014,8,6,7,4.684372648941758,14.0894,66.0,False,10-15km
3301,174560528,"08/03/2014 Melbourne, VIC, Australia",10148.1,2227,2227,2014-08-03 09:01:00+00:00,42.8,,,2227,10148.1,,1,174.0,oauth,2014,8,6,9,3.6574991049227603,10.148100000000001,37.11666666666667,False,10-15km
3304,158947700,Afternoon Run,7948.5,1886,1879,2014-06-28 14:20:18+00:00,169.5,,,1879,7948.5,,1,159.0,oauth,2014,6,5,14,3.939946740475142,7.9485,31.316666666666666,False,5-10km
969,2502429466,Saint Mary‚Äôs Cathedral - Pyrmont,21099.0,6682,6594,2014-05-18 06:45:35+00:00,558.4,,,6594,21099.0,,1,1109.0,oauth,2014,5,6,6,5.208777667188019,21.099,109.9,False,21-42km
4400,130787703,Canberra Half Marathon,21392.7,6273,6273,2014-04-13 07:45:27+00:00,162.3,,,6273,21392.7,Canberra Half marathon,1,289.0,oauth,2014,4,6,7,4.887181141230419,21.3927,104.55,False,21-42km
3305,115089468,Neon Run,4740.4,1146,1138,2014-02-22 20:44:18+00:00,24.1,,,1138,4740.4,,1,94.0,oauth,2014,2,5,20,4.001068826821928,4.740399999999999,18.966666666666665,False,<5km
4401,102877138,S√£o Silvestre  dos Olivais 2013,9997.1,2840,2835,2013-12-30 20:58:50+00:00,138.8,,,2835,9997.1,S√£o Silvestre dos Olivais,1,164.0,oauth,2013,12,0,20,4.726370647487772,9.9971,47.25,False,5-10km
4402,102877172,S√£o Silvestre de Lisboa 2013,9995.7,3036,3032,2013-12-28 17:39:26+00:00,99.8,,,3032,9995.7,S√£o Silvestre de Lisboa,1,113.0,oauth,2013,12,5,17,5.055507201429948,9.995700000000001,50.53333333333333,False,5-10km
4403,77368376,Adelaide Marathon 2013,42131.4,14318,14240,2013-08-25 07:01:19+00:00,219.6,,,14240,42131.4,Adelaide Marathon,1,365.0,oauth,2013,8,6,7,5.633169876465851,42.1314,237.33333333333334,False,>42km
4404,76518283,City2Surf 2013,14183.6,5653,5540,2013-08-11 08:38:14+00:00,204.6,,,5540,14183.6,City2Surf,1,204.0,oauth,2013,8,6,8,6.509865854461021,14.1836,92.33333333333333,False,10-15km
970,2502431937,City2surf 2013,14126.1,4349,4349,2013-08-11 07:57:36+00:00,240.8,,,4349,14126.1,City2Surf,1,1134.0,oauth,2013,8,6,7,5.131163826769832,14.126100000000001,72.48333333333333,False,10-15km
971,2502432583,Saint Mary‚Äôs Cathedral - Pyrmont,21486.8,6756,6687,2013-05-19 06:49:28+00:00,634.9,,,6687,21486.8,,1,1108.0,oauth,2013,5,6,6,5.186905448926783,21.4868,111.45,False,21-42km
4405,51674064,Madrid Marathon 2013,42342.8,15637,15557,2013-04-28 09:05:45+00:00,480.1,,,15557,42342.8,Madrid Marathon,1,363.0,oauth,2013,4,6,9,6.12343381480047,42.342800000000004,259.28333333333336,False,>42km
4406,24965885,Melbourne Marathon 2012,42375.3,12531,12502,2012-10-14 07:01:02+00:00,216.8,,,12502,42375.3,Melbourne Marathon,1,331.0,oauth,2012,10,6,7,4.917172661117837,42.3753,208.36666666666667,False,>42km
4407,22101544,Sydney Marathon 2012,42287.8,14219,14219,2012-09-16 07:31:25+00:00,585.9,,,14219,42287.8,Sydney Marathon,1,403.0,oauth,2012,9,6,7,5.604059169153593,42.287800000000004,236.98333333333332,False,>42km
972,2502435937,City2surf 2012,14196.3,4134,4134,2012-08-12 08:03:52+00:00,230.2,,,4134,14196.3,City2Surf,1,1093.0,oauth,2012,8,6,8,4.853377288448399,14.196299999999999,68.9,False,10-15km
4408,17969789,City2Surf 2012,13977.2,3676,3676,2012-08-12 08:01:15+00:00,237.1,,,3676,13977.2,City2Surf,1,210.0,oauth,2012,8,6,8,4.3833290406280705,13.9772,61.266666666666666,False,10-15km
4409,12171498,Gold Coast Marathon 2012,42287.8,13291,13291,2012-07-01 07:22:18+00:00,263.9,,,13291,42287.8,Gold Coast Marathon,1,339.0,oauth,2012,7,6,7,5.2383114436472615,42.287800000000004,221.51666666666668,False,>42km
973,2502436701,Saint Mary‚Äôs Cathedral - Pyrmont,22155.3,7185,7135,2012-05-20 06:53:24+00:00,564.9,,,7135,22155.3,,1,1121.0,oauth,2012,5,6,6,5.367413967162109,22.1553,118.91666666666667,False,21-42km
4410,8898537,SMH Half marathon 2012,21400.5,5857,5857,2012-05-20 06:46:55+00:00,461.3,,,5857,21400.5,SMH Sydney Half marathon,1,358.0,oauth,2012,5,6,6,4.561419904519364,21.4005,97.61666666666666,False,21-42km
4411,1874833,Sydney Marathon 2011,42161.3,14628,14587,2011-09-18 07:30:47+00:00,629.1,162.5,183.0,14587,42161.3,Sydney Marathon,1,323.0,oauth,2011,9,6,7,5.7663465468727635,42.161300000000004,243.11666666666667,False,>42km
974,2502439446,City2surf 2011,14071.0,4244,4180,2011-08-14 08:12:43+00:00,185.7,,,4180,14071.0,City2Surf,1,727.0,oauth,2011,8,6,8,4.9510814204155125,14.071,69.66666666666667,False,10-15km
4412,3954835,City2Surf 2011,14162.0,3898,3838,2011-08-14 08:01:58+00:00,244.0,168.9,228.0,3838,14162.0,City2Surf,1,202.0,oauth,2011,8,6,8,4.516781998776067,14.162,63.96666666666667,False,10-15km
4413,3954952,Sydney Half-marathon 2011,21107.3,6213,6109,2011-05-15 06:50:06+00:00,446.1,173.0,247.0,6109,21107.3,Sydney Half marathon,1,355.0,oauth,2011,5,6,6,4.823765553465705,21.1073,101.81666666666666,False,21-42km
4414,12528512600,SMH Half marathon 2011,21100.0,6213,6213,2011-05-15 06:00:00+00:00,0.0,,,6213,21100.0,Sydney Half marathon,0,,oauth,2011,5,6,6,4.907582938388625,21.1,103.55,False,21-42km
4415,12528507385,Sydney Running Festival Half marathon 2010,21100.0,8044,8044,2010-09-19 07:00:00+00:00,0.0,,,8044,21100.0,Blackmores Sydney Half marathon,0,,oauth,2010,9,6,7,6.3538704581358605,21.1,134.06666666666666,False,21-42km
975,2502441978,City2surf 2010,14131.7,4779,4771,2010-08-08 08:45:56+00:00,223.2,,,4771,14131.7,City2Surf,1,1072.0,oauth,2010,8,6,8,5.62682951567516,14.1317,79.51666666666667,False,10-15km
4416,12132298408,City2Surf 2010,14000.0,5866,5866,2010-08-08 08:30:00+00:00,0.0,,,5866,14000.0,City2Surf,0,,oauth,2010,8,6,8,6.983333333333333,14.0,97.76666666666667,False,10-15km
